-- MySQL dump 10.13  Distrib 8.0.30, for Linux (x86_64)
--
-- Host: localhost    Database: digial_school
-- ------------------------------------------------------
-- Server version	8.0.30-0ubuntu0.22.04.1

/*!40101 SET @OLD_CHARACTER_SET_CLIENT=@@CHARACTER_SET_CLIENT */;
/*!40101 SET @OLD_CHARACTER_SET_RESULTS=@@CHARACTER_SET_RESULTS */;
/*!40101 SET @OLD_COLLATION_CONNECTION=@@COLLATION_CONNECTION */;
/*!50503 SET NAMES utf8mb4 */;
/*!40103 SET @OLD_TIME_ZONE=@@TIME_ZONE */;
/*!40103 SET TIME_ZONE='+00:00' */;
/*!40014 SET @OLD_UNIQUE_CHECKS=@@UNIQUE_CHECKS, UNIQUE_CHECKS=0 */;
/*!40014 SET @OLD_FOREIGN_KEY_CHECKS=@@FOREIGN_KEY_CHECKS, FOREIGN_KEY_CHECKS=0 */;
/*!40101 SET @OLD_SQL_MODE=@@SQL_MODE, SQL_MODE='NO_AUTO_VALUE_ON_ZERO' */;
/*!40111 SET @OLD_SQL_NOTES=@@SQL_NOTES, SQL_NOTES=0 */;

--
-- Table structure for table `academic_course`
--

DROP TABLE IF EXISTS `academic_course`;
/*!40101 SET @saved_cs_client     = @@character_set_client */;
/*!50503 SET character_set_client = utf8mb4 */;
CREATE TABLE `academic_course` (
  `id` bigint NOT NULL AUTO_INCREMENT,
  `name` varchar(100) NOT NULL,
  `is_available` tinyint(1) NOT NULL,
  `description` longtext,
  `created_at` datetime(6) NOT NULL,
  `updated_at` datetime(6) NOT NULL,
  `organization_id` bigint NOT NULL,
  PRIMARY KEY (`id`),
  KEY `academic_course_organization_id_9d2eb9af_fk_account_o` (`organization_id`),
  CONSTRAINT `academic_course_organization_id_9d2eb9af_fk_account_o` FOREIGN KEY (`organization_id`) REFERENCES `account_organization` (`id`)
) ENGINE=InnoDB AUTO_INCREMENT=50 DEFAULT CHARSET=utf8mb3;
/*!40101 SET character_set_client = @saved_cs_client */;

--
-- Dumping data for table `academic_course`
--

LOCK TABLES `academic_course` WRITE;
/*!40000 ALTER TABLE `academic_course` DISABLE KEYS */;
INSERT INTO `academic_course` VALUES (1,'Physics',1,'','2022-07-25 18:40:06.139371','2022-07-25 18:40:06.139424',1),(2,'chemistry',1,'','2022-07-25 18:40:19.285805','2022-07-25 18:40:19.285858',1),(3,'Math',1,'','2022-07-25 18:40:29.802929','2022-07-25 18:40:29.802969',1),(6,'University admission',0,'T','2022-09-23 23:55:11.821967','2022-09-23 23:55:11.822050',2),(9,'HSC ACADEMIC',1,'','2022-09-24 17:09:44.529890','2022-09-24 17:09:44.529954',2),(10,'English 1st Paper',0,NULL,'2022-09-28 10:41:35.128104','2022-09-28 10:41:35.128157',2),(11,'English 2nd Paper',0,NULL,'2022-09-28 10:41:41.402796','2022-09-28 10:41:41.402850',2),(12,'Bangla 1st Paper',0,NULL,'2022-09-28 10:41:50.745476','2022-09-28 10:41:50.745528',2),(13,'Bangla 2nd Paper',0,NULL,'2022-09-28 10:41:56.461482','2022-09-28 10:41:56.461542',2),(14,'Economics 1st Paper',0,NULL,'2022-09-28 10:42:22.205937','2022-09-28 10:42:22.205988',2),(15,'Economics 2nd  Paper',0,NULL,'2022-09-28 10:42:28.218570','2022-09-28 10:42:28.218622',2),(16,'Biology 1st Paper',0,NULL,'2022-09-28 10:42:37.455824','2022-09-28 10:42:37.455876',2),(17,'Biology 2nd Paper',0,NULL,'2022-09-28 10:42:44.668263','2022-09-28 10:42:44.668316',2),(18,'Chemistry 1st Paper',0,NULL,'2022-09-28 10:43:03.341466','2022-09-28 10:43:03.341518',2),(19,'Chemistry 2nd  Paper',0,NULL,'2022-09-28 10:43:07.810633','2022-09-28 10:43:07.810684',2),(20,'Physics 1st Paper',0,NULL,'2022-09-28 10:43:18.689208','2022-09-28 10:43:18.689272',2),(21,'Physics 2nd Paper',0,NULL,'2022-09-28 10:43:23.616247','2022-09-28 10:43:23.616293',2),(22,'Math 1st Paper',0,NULL,'2022-09-28 10:43:34.427447','2022-09-28 10:43:34.427502',2),(23,'Math 2nd Paper',0,NULL,'2022-09-28 10:43:53.829773','2022-09-28 10:43:53.829822',2),(24,'Accounting 1st Paper',0,NULL,'2022-09-28 10:44:50.593114','2022-09-28 10:44:50.593167',2),(25,'Accounting 2nd Paper',0,NULL,'2022-09-28 10:44:55.132810','2022-09-28 10:44:55.132860',2),(26,'Management 1st Paper',0,NULL,'2022-09-28 10:47:03.042409','2022-09-28 10:47:03.042459',2),(27,'Management 2nd Paper',0,NULL,'2022-09-28 10:47:08.468947','2022-09-28 10:47:08.469003',2),(28,'Finance & Banking 1st Paper',0,NULL,'2022-09-28 10:47:31.316704','2022-09-28 10:47:31.316754',2),(29,'Finance & Banking 2nd Paper',0,NULL,'2022-09-28 10:47:37.535525','2022-09-28 10:47:37.535574',2),(30,'Marketing 2nd Paper',0,NULL,'2022-09-28 10:48:01.483121','2022-09-28 10:48:01.483182',2),(31,'Marketing 1st Paper',0,NULL,'2022-09-28 10:48:13.797738','2022-09-28 10:48:13.797798',2),(32,'Logic 1st Paper',0,NULL,'2022-09-28 10:48:25.932396','2022-09-28 10:48:25.932448',2),(33,'Logic 2nd Paper',0,NULL,'2022-09-28 10:48:32.728078','2022-09-28 10:48:32.728130',2),(34,'Civics 1st Paper',0,NULL,'2022-09-28 10:48:51.010340','2022-09-28 10:48:51.010394',2),(35,'Civics 2nd Paper',0,NULL,'2022-09-28 10:48:59.170426','2022-09-28 10:48:59.170480',2),(36,'Social Work 1st Paper',0,NULL,'2022-09-28 10:49:24.461529','2022-09-28 10:49:24.461582',2),(37,'Social Work 2nd Paper',0,NULL,'2022-09-28 10:49:29.293310','2022-09-28 10:49:29.293374',2),(38,'Sociology 1st Paper',0,NULL,'2022-09-28 10:49:44.447047','2022-09-28 10:49:44.447096',2),(39,'Sociology 2nd Paper',0,NULL,'2022-09-28 10:50:08.486732','2022-09-28 10:50:08.486789',2),(40,'Geography 1st  Paper',0,NULL,'2022-09-28 10:50:33.414568','2022-09-28 10:50:33.414632',2),(41,'Geography 2nd  Paper',0,NULL,'2022-09-28 10:50:41.562754','2022-09-28 10:50:41.562816',2),(42,'History 1st Paper',0,NULL,'2022-09-28 10:51:08.741480','2022-09-28 10:51:08.741529',2),(43,'History 2nd Paper',0,NULL,'2022-09-28 10:51:13.090951','2022-09-28 10:51:13.091000',2),(44,'Islamic History and culture 1st Paper',0,NULL,'2022-09-28 10:51:26.671126','2022-09-28 10:51:26.671210',2),(45,'Islamic History and culture 2nd Paper',0,NULL,'2022-09-28 10:51:39.421360','2022-09-28 10:51:39.421410',2),(46,'Islam Sikkha 1st Paper',0,NULL,'2022-09-28 10:52:01.711481','2022-09-28 10:52:01.711549',2),(47,'Islam Sikkha 2nd Paper',0,NULL,'2022-09-28 10:52:07.818142','2022-09-28 10:52:07.818196',2),(48,'Home Economics 1st Paper',0,NULL,'2022-09-28 10:52:21.641621','2022-09-28 10:52:21.641670',2),(49,'Home Economics 2nd Paper',0,NULL,'2022-09-28 10:52:26.274482','2022-09-28 10:52:26.274533',2);
/*!40000 ALTER TABLE `academic_course` ENABLE KEYS */;
UNLOCK TABLES;

--
-- Table structure for table `academic_exam`
--

DROP TABLE IF EXISTS `academic_exam`;
/*!40101 SET @saved_cs_client     = @@character_set_client */;
/*!50503 SET character_set_client = utf8mb4 */;
CREATE TABLE `academic_exam` (
  `id` bigint NOT NULL AUTO_INCREMENT,
  `name` varchar(100) NOT NULL,
  `schedule` datetime(6) DEFAULT NULL,
  `created_at` datetime(6) NOT NULL,
  `updated_at` datetime(6) NOT NULL,
  `batch_id` bigint NOT NULL,
  `organization_id` bigint NOT NULL,
  PRIMARY KEY (`id`),
  KEY `academic_exam_organization_id_7061b6c4_fk_account_o` (`organization_id`),
  KEY `academic_exam_batch_id_84590077_fk_account_batch_id` (`batch_id`),
  CONSTRAINT `academic_exam_batch_id_84590077_fk_account_batch_id` FOREIGN KEY (`batch_id`) REFERENCES `account_batch` (`id`),
  CONSTRAINT `academic_exam_organization_id_7061b6c4_fk_account_o` FOREIGN KEY (`organization_id`) REFERENCES `account_organization` (`id`)
) ENGINE=InnoDB AUTO_INCREMENT=22 DEFAULT CHARSET=utf8mb3;
/*!40101 SET character_set_client = @saved_cs_client */;

--
-- Dumping data for table `academic_exam`
--

LOCK TABLES `academic_exam` WRITE;
/*!40000 ALTER TABLE `academic_exam` DISABLE KEYS */;
INSERT INTO `academic_exam` VALUES (1,'Exam 1','2022-07-25 00:00:00.000000','2022-07-25 18:41:00.078905','2022-07-25 18:41:00.078925',1,1),(2,'TC exam','2022-07-26 00:00:00.000000','2022-07-26 12:49:45.583995','2022-07-26 12:49:45.584015',1,1),(3,'tc','2022-07-26 00:00:00.000000','2022-07-26 12:51:19.914954','2022-07-26 12:51:19.914976',1,1),(4,'t','2022-07-27 00:00:00.000000','2022-07-26 12:57:35.258946','2022-07-26 12:57:35.258979',1,1),(5,'t','2022-07-27 00:00:00.000000','2022-07-26 12:57:36.113400','2022-07-26 12:57:36.113420',1,1),(21,'HSC Final Model Test Exam','2022-10-07 00:00:00.000000','2022-09-28 10:53:57.459335','2022-09-28 10:53:57.459380',9,2);
/*!40000 ALTER TABLE `academic_exam` ENABLE KEYS */;
UNLOCK TABLES;

--
-- Table structure for table `academic_exam_courses`
--

DROP TABLE IF EXISTS `academic_exam_courses`;
/*!40101 SET @saved_cs_client     = @@character_set_client */;
/*!50503 SET character_set_client = utf8mb4 */;
CREATE TABLE `academic_exam_courses` (
  `id` bigint NOT NULL AUTO_INCREMENT,
  `exam_id` bigint NOT NULL,
  `course_id` bigint NOT NULL,
  PRIMARY KEY (`id`),
  UNIQUE KEY `academic_exam_courses_exam_id_course_id_8e9dbb60_uniq` (`exam_id`,`course_id`),
  KEY `academic_exam_courses_course_id_d122af8d_fk_academic_course_id` (`course_id`),
  CONSTRAINT `academic_exam_courses_course_id_d122af8d_fk_academic_course_id` FOREIGN KEY (`course_id`) REFERENCES `academic_course` (`id`),
  CONSTRAINT `academic_exam_courses_exam_id_18d25704_fk_academic_exam_id` FOREIGN KEY (`exam_id`) REFERENCES `academic_exam` (`id`)
) ENGINE=InnoDB AUTO_INCREMENT=69 DEFAULT CHARSET=utf8mb3;
/*!40101 SET character_set_client = @saved_cs_client */;

--
-- Dumping data for table `academic_exam_courses`
--

LOCK TABLES `academic_exam_courses` WRITE;
/*!40000 ALTER TABLE `academic_exam_courses` DISABLE KEYS */;
INSERT INTO `academic_exam_courses` VALUES (1,1,1),(2,1,2),(3,1,3),(4,2,1),(5,2,2),(6,2,3),(7,3,2),(8,4,1),(9,4,2),(10,4,3),(11,5,1),(12,5,2),(13,5,3),(29,21,10),(30,21,11),(31,21,12),(32,21,13),(33,21,14),(34,21,15),(35,21,16),(36,21,17),(37,21,18),(38,21,19),(39,21,20),(40,21,21),(41,21,22),(42,21,23),(43,21,24),(44,21,25),(45,21,26),(46,21,27),(47,21,28),(48,21,29),(49,21,30),(50,21,31),(51,21,32),(52,21,33),(53,21,34),(54,21,35),(55,21,36),(56,21,37),(57,21,38),(58,21,39),(59,21,40),(60,21,41),(61,21,42),(62,21,43),(63,21,44),(64,21,45),(65,21,46),(66,21,47),(67,21,48),(68,21,49);
/*!40000 ALTER TABLE `academic_exam_courses` ENABLE KEYS */;
UNLOCK TABLES;

--
-- Table structure for table `academic_result`
--

DROP TABLE IF EXISTS `academic_result`;
/*!40101 SET @saved_cs_client     = @@character_set_client */;
/*!50503 SET character_set_client = utf8mb4 */;
CREATE TABLE `academic_result` (
  `id` bigint NOT NULL AUTO_INCREMENT,
  `mark` decimal(10,2) NOT NULL,
  `created_at` datetime(6) NOT NULL,
  `updated_at` datetime(6) NOT NULL,
  `course_id` bigint NOT NULL,
  `exam_id` bigint NOT NULL,
  `organization_id` bigint NOT NULL,
  `student_id` bigint NOT NULL,
  PRIMARY KEY (`id`),
  KEY `academic_result_exam_id_52ab7793_fk_academic_exam_id` (`exam_id`),
  KEY `academic_result_organization_id_49f01449_fk_account_o` (`organization_id`),
  KEY `academic_result_student_id_0a5d1c17_fk_account_student_id` (`student_id`),
  KEY `academic_result_course_id_4fde7831_fk_academic_course_id` (`course_id`),
  CONSTRAINT `academic_result_course_id_4fde7831_fk_academic_course_id` FOREIGN KEY (`course_id`) REFERENCES `academic_course` (`id`),
  CONSTRAINT `academic_result_exam_id_52ab7793_fk_academic_exam_id` FOREIGN KEY (`exam_id`) REFERENCES `academic_exam` (`id`),
  CONSTRAINT `academic_result_organization_id_49f01449_fk_account_o` FOREIGN KEY (`organization_id`) REFERENCES `account_organization` (`id`),
  CONSTRAINT `academic_result_student_id_0a5d1c17_fk_account_student_id` FOREIGN KEY (`student_id`) REFERENCES `account_student` (`id`)
) ENGINE=InnoDB AUTO_INCREMENT=18 DEFAULT CHARSET=utf8mb3;
/*!40101 SET character_set_client = @saved_cs_client */;

--
-- Dumping data for table `academic_result`
--

LOCK TABLES `academic_result` WRITE;
/*!40000 ALTER TABLE `academic_result` DISABLE KEYS */;
INSERT INTO `academic_result` VALUES (6,65.00,'2022-09-25 23:14:45.488701','2022-09-25 23:14:45.488764',1,1,1,1),(7,56.00,'2022-09-25 23:14:45.503071','2022-09-25 23:14:45.503140',2,1,1,1),(8,56.00,'2022-09-25 23:14:45.508026','2022-09-25 23:14:45.508092',3,1,1,1),(9,56.00,'2022-09-25 23:14:45.512371','2022-09-25 23:14:45.512440',1,1,1,2),(10,65.00,'2022-09-25 23:14:45.519706','2022-09-25 23:14:45.519818',2,1,1,2),(11,45.00,'2022-09-25 23:14:45.522691','2022-09-25 23:14:45.522822',3,1,1,2),(12,65.00,'2022-09-29 09:40:06.088700','2022-09-29 09:40:06.088753',1,2,1,1),(13,87.00,'2022-09-29 09:40:06.095854','2022-09-29 09:40:06.095919',2,2,1,1),(14,67.00,'2022-09-29 09:40:06.099670','2022-09-29 09:40:06.099782',3,2,1,1),(15,45.00,'2022-09-29 09:40:06.104102','2022-09-29 09:40:06.104218',1,2,1,2),(16,45.00,'2022-09-29 09:40:06.106437','2022-09-29 09:40:06.106495',2,2,1,2),(17,89.00,'2022-09-29 09:40:06.109293','2022-09-29 09:40:06.109374',3,2,1,2);
/*!40000 ALTER TABLE `academic_result` ENABLE KEYS */;
UNLOCK TABLES;

--
-- Table structure for table `account_account`
--

DROP TABLE IF EXISTS `account_account`;
/*!40101 SET @saved_cs_client     = @@character_set_client */;
/*!50503 SET character_set_client = utf8mb4 */;
CREATE TABLE `account_account` (
  `id` bigint NOT NULL AUTO_INCREMENT,
  `password` varchar(128) NOT NULL,
  `email` varchar(60) DEFAULT NULL,
  `mobile` varchar(15) NOT NULL,
  `username` varchar(32) NOT NULL,
  `profile_picture` varchar(100) DEFAULT NULL,
  `date_joined` datetime(6) NOT NULL,
  `last_login` datetime(6) NOT NULL,
  `otp` varchar(6) DEFAULT NULL,
  `is_admin` tinyint(1) NOT NULL,
  `is_active` tinyint(1) NOT NULL,
  `is_staff` tinyint(1) NOT NULL,
  `is_superuser` tinyint(1) NOT NULL,
  `is_teacher` tinyint(1) NOT NULL,
  PRIMARY KEY (`id`),
  UNIQUE KEY `mobile` (`mobile`),
  UNIQUE KEY `username` (`username`)
) ENGINE=InnoDB AUTO_INCREMENT=324 DEFAULT CHARSET=utf8mb3;
/*!40101 SET character_set_client = @saved_cs_client */;

--
-- Dumping data for table `account_account`
--

LOCK TABLES `account_account` WRITE;
/*!40000 ALTER TABLE `account_account` DISABLE KEYS */;
INSERT INTO `account_account` VALUES (1,'pbkdf2_sha256$260000$rArSYGADcOeqn4BeNyewEh$m7nm7966oDO7dOyHjSalqkTF7qE7SyDgcgfHMzt3NNU=',NULL,'01711110000','demo dev user','','2022-07-25 18:00:54.068045','2022-09-23 23:56:10.910386',NULL,1,1,1,1,0),(2,'pbkdf2_sha256$260000$os7onNgbgLRv9ayzt8dwB2$dX/KfFQ7XLDT7+xE2GpQOYQUGEwIn0ItNSLtDXXx+nU=','abc3@gmail.com','01711223344','abc','abc01711223344/pp/Mug_2-01.jpg','2022-07-25 18:04:11.786247','2022-08-03 09:37:12.152740',NULL,1,1,0,0,0),(3,'pbkdf2_sha256$260000$iRWpfJSD0ns8ew79DnFj1h$gm+pYK5w4n1pr6zuDXYqukvCHu7T+sXiUGdu6q2GS1I=','','01711223355','Student 1','Student 101711223355/pp/cropped7694707256124692909.jpg','2022-07-25 18:29:13.429340','2022-07-27 19:20:06.193734',NULL,0,1,0,0,0),(4,'pbkdf2_sha256$260000$3xdWu3xZogCybyNnRM6TcQ$1EFnHtggDbMlX4IjUy0AsNnXbNZywm6HbIf49+7Nzgo=','rabintechco@gmail.com','01580696982','Rakib','Rakib01580696982/pp/cropped1891401904204635863.jpg','2022-07-26 13:01:30.278452','2022-09-29 09:36:16.757308',NULL,0,1,0,0,0),(5,'pbkdf2_sha256$260000$uyshYZ9iNoaPceB9YThHF4$N0XJYGpmDucR3fYEK9cdq+kFNcRnY+bsBdAtK+EJ2+o=','teacher1@gmail.com','0175557846','teacher 10000','','2022-07-26 17:51:43.477370','2022-08-19 12:06:49.086713',NULL,0,1,0,0,1),(6,'pbkdf2_sha256$260000$n9hzGNXdjOnnUqypsBapQi$mIj4l22p52wSCHRZR47tY2gXpjL1a/MsMRfR718LTAA=','staff1@gmail.com','017478986','staff1','staff1111017478986/pp/cropped6799648970299698356.jpg','2022-07-26 17:53:07.033611','2022-07-27 19:18:51.113009',NULL,0,1,1,0,0),(7,'pbkdf2_sha256$260000$xMpgxmnMOCJsBZQytfZQwX$mzCCjaGuE17X/vok2kuLX+5W4ExAdWlkfgtKd2Uvxmk=','teachers@gmail.com','0172349787','teacher 1','teacher 10172349784/pp/cropped8143844179276776143.jpg','2022-07-27 18:21:30.220458','2022-07-27 19:31:35.650075',NULL,0,1,0,0,1),(8,'pbkdf2_sha256$260000$OHzJBykRwzoZEMzfx4ZxVP$rJhhawoED+XLnuVd21kFczW8TkR+hD2Rae4Kw0q3zgI=','demos@gmail.com','01711223366','Demo Staff','','2022-07-28 18:48:22.938193','2022-07-28 18:48:22.938263',NULL,0,1,1,0,0),(9,'pbkdf2_sha256$260000$KVyQ4NOOn98khualzmY2AC$108thcz5KYd0Pn9eRavtTa2FiXAFORm8P8sivikWn0U=','tusherscareofficial@gmail.com','01777104777','Rakibul Islam Tusher','','2022-07-31 11:18:58.017179','2022-07-31 11:22:35.889078',NULL,1,1,0,0,0),(10,'pbkdf2_sha256$260000$4bl6X010mLGRTNbkK4k9Vp$39ESp3YE9NtiMmvvBJkC94oa0Llqk75osHvnaQJSi7g=','nahidwxyz@gmail.com','01521372697','Nahidul Islam','','2022-08-01 17:55:36.259186','2022-08-01 17:55:36.259252',NULL,0,1,1,0,0),(12,'pbkdf2_sha256$260000$9QfEm8yESD0od5brXwrCej$PtupCAV7ilpxHS/Pua5hz5k2O2I2d85rJF2JwDoMj6E=','','01922239239','Nahid','','2022-08-02 18:21:29.790315','2022-08-02 18:21:29.790372',NULL,0,1,0,0,0),(13,'pbkdf2_sha256$260000$ipXeXPYM4PG8X02KS3yrQy$OxA7mjHn1+YpupwlbjWYggC4j3568Nf27d9HcA2SQw8=','','01755966950','Sneha Binte Mostaq','','2022-08-02 18:28:17.748401','2022-08-02 18:30:38.819686',NULL,0,1,0,0,0),(14,'pbkdf2_sha256$260000$sRN6ZsU5ryT4Ygba5pkFi7$Kz8tvsqHaVfmrK0ShjqGoZEKYbyYyTP1GNOKQF4KdCA=','ramprosad111@gmail.com','01518678537','Ram Proshad','','2022-08-04 12:38:19.305469','2022-09-25 15:54:18.489653',NULL,0,1,0,0,1),(15,'pbkdf2_sha256$260000$c6zwoK3TCDI9bMpyjMh1Wd$/soDVCct1WZVssUSANr9XdkzuhjhkGEY4n+Oy8Qa/5Q=','ayshekundu04@gmail.com','01302142689','Ayshorjo Kundu','','2022-08-04 15:27:14.558777','2022-08-04 15:27:14.558872',NULL,0,1,0,0,0),(16,'pbkdf2_sha256$260000$ojvm1uoS7Lbg2y7XDyLqrW$nAtWFG5fJegl7Xk53GiArFmy3F202Uzy81biQYktNpM=','','01537277592','Noushin Tabassum Nazia','','2022-08-04 17:31:20.647843','2022-08-04 17:31:20.647901',NULL,0,1,0,0,0),(17,'pbkdf2_sha256$260000$N4tMxRjPiIxdAhL3uq8gIn$cQacjT4XNhFthZ33mywAlYid+MjMhxFLPYpJgPnUDAU=','','01837544428','Sharna Islam','','2022-08-06 12:52:41.306470','2022-08-06 12:52:41.306529',NULL,0,1,0,0,0),(18,'pbkdf2_sha256$260000$ooAZyjyCHZ18lCMItUHeOU$stGpXqtjCU9lGGS3s4kdwz5TuGIbJC8ml4l2dePI1uU=','','01799334174','Jannatul Ferdows','','2022-08-06 12:59:42.019918','2022-08-06 12:59:42.019979',NULL,0,1,0,0,0),(19,'pbkdf2_sha256$260000$0zNxMW7DPrLjSFAdac9y9Y$wrXxbmVhVdxkzytvQFdfNY25Euy5CNX8Cg9d2AmjDgk=','','01786284805','Laboni','','2022-08-06 13:03:44.837797','2022-08-06 13:03:44.837857',NULL,0,1,0,0,0),(20,'pbkdf2_sha256$260000$7VyuqpucwRpvPr4pModNp1$0cK+yo3/7NoA/cvbrKmIvpYNzalmr9YpF6ROiiVjh8U=','','01771077794','Nowshin Tabassum','','2022-08-06 13:06:54.096457','2022-08-06 13:06:54.096515',NULL,0,1,0,0,0),(21,'pbkdf2_sha256$260000$spHHadj5AjD5SxilnWlbaz$9SA+TOvJmtbo6cUTVM/oJ+p0BJ+lLC74i8nLi9PMSI0=','','01904393555','Tasmin jahan choya','','2022-08-06 13:10:56.813619','2022-08-07 14:22:54.431067',NULL,0,1,0,0,0),(22,'pbkdf2_sha256$260000$KrHjIIcTdGtpIoxZKQRjDK$qxtKa5yJFqUCFoEJoX+phrxaQ0H77V7dtf/T3dT/Dkg=','','01888473212','Bidhan kumar saha','','2022-08-06 13:14:13.091481','2022-08-06 13:14:13.091537',NULL,0,1,0,0,0),(23,'pbkdf2_sha256$260000$yVqhLSs0PNalnoDgPqdQfu$UWfpW1Curu0iSbwmS6t4xafCPLtndZki00b17Rox+jo=','','01767414940','Mayesha Rahman','','2022-08-06 13:15:10.056976','2022-08-06 13:15:10.057044',NULL,0,1,0,0,0),(24,'pbkdf2_sha256$260000$Z5g5HPq5q6px1g3mBP3Kgm$jxK/5NoQ1ZHyJTaA7pzNVLymnizNBzsvh0iehIuGPAY=','','01791561899','Anirban Sarkar','','2022-08-06 13:19:39.886967','2022-08-06 13:19:39.887028',NULL,0,1,0,0,0),(25,'pbkdf2_sha256$260000$45b8fIeKBdjsCgkMTA4raD$iss1KG8bimEpPCBqm/IxsvW6P7LrnTcEvA2yIduMP6U=','','01780182057','Rajib Sheikh','','2022-08-06 13:22:36.890274','2022-08-06 13:22:36.890333',NULL,0,1,0,0,0),(26,'pbkdf2_sha256$260000$EGzvtuUOpFR8mITYeVBGdQ$zImkgt57cfv0OscaiVXlGunW57X+TB07LF+mckRUhTw=','','01793564388','Mst. Jeba khatun','','2022-08-06 13:24:44.314289','2022-08-06 13:24:44.314348',NULL,0,1,0,0,0),(27,'pbkdf2_sha256$260000$G8klGVIJ0cVQjFGN7eqCim$qUChKu7NZqwLPJO+gZYhqdIFR2c3lHWo8m2I0kaOVTM=','','01785617731','K.M.A Mubin Hossain Mahim','','2022-08-06 13:26:45.240124','2022-08-06 13:26:45.240184',NULL,0,1,0,0,0),(28,'pbkdf2_sha256$260000$38uBWQ7QXmZEi3y1Kz4qf7$eIwDiNsKEJrXvQGiYoyu9By6fbgojQaUEeaQuhWiEA0=','','01407511422','Salsabil  Takia','','2022-08-06 13:29:21.912095','2022-08-06 13:29:21.912155',NULL,0,1,0,0,0),(29,'pbkdf2_sha256$260000$w1eRBHiqDoF1o1TqcQLwID$ogLyLC33SRAO2EqstbUPrLj92ctcds2TKy4PC2AWrxU=','','01748856286','Tanjim Tanima','','2022-08-06 13:29:46.057160','2022-08-06 13:29:46.057223',NULL,0,1,0,0,0),(30,'pbkdf2_sha256$260000$4VItIBqP6ynH96dM4LQs5c$OsYn4ufu5IWr82LIaA28ZcgrkR7IH1Q3c+0mUr6931U=','','01996541520','Kazi Latifa','','2022-08-06 13:32:01.989533','2022-08-06 13:32:01.989593',NULL,0,1,0,0,0),(31,'pbkdf2_sha256$260000$Sx0M9XTDiOqafCnE7glru1$2D5wfzfxYg4CUi1FEX0LnMU63mj07p0hEhLtrdwJo7U=','','01934186406','Md. Nahul Islam','','2022-08-06 13:32:50.759572','2022-08-06 13:32:50.759633',NULL,0,1,0,0,0),(32,'pbkdf2_sha256$260000$b686jvfuqbVFAgItWV0UhV$rKXEsuBMiSqLgql/t2ST2mSHGCtnsJT5rQIpcg0nt8E=','','01833601667','Suriya Alim Mathin','','2022-08-06 13:37:08.430244','2022-08-06 13:37:08.430315',NULL,0,1,0,0,0),(33,'pbkdf2_sha256$260000$G3kmMGgZPPkpLi49DGU58T$xNQJF2Xq/fPxNJ9x41cxvRwZjIEgwQ8PA/vYX9a/sBM=','','01303905721','Akash Das','','2022-08-06 13:39:50.932488','2022-08-06 13:39:50.932546',NULL,0,1,0,0,0),(34,'pbkdf2_sha256$260000$ezSRKDISYtTncXp1yPxoPb$Om/nI2VJvA/Bmb43kf1Kv/5RVWXTiLValMlCpCbAtTw=','','01776585140','Hafizur Rahman','','2022-08-06 13:52:40.935307','2022-08-06 13:52:40.935366',NULL,0,1,0,0,0),(35,'pbkdf2_sha256$260000$t0h3g20YR18beO2pP1thfo$VqHA7jINcxXP3D9a+uzpc6h3MbheE3LYxr5wKG37hq8=','','01305547976','Akash Biswas','','2022-08-06 13:52:56.152568','2022-08-06 13:52:56.152628',NULL,0,1,0,0,0),(36,'pbkdf2_sha256$260000$HRr6cPfyv873bpFZXcEAR3$niOxvZKF2oMrKRHsilpL+NcRzUUZc8Yzr0+AyxKLvA0=','','01786940826','Kudrot-E-Alahe','','2022-08-06 13:55:33.657787','2022-08-06 13:55:33.657848',NULL,0,1,0,0,0),(37,'pbkdf2_sha256$260000$o9VobK6w5DYvnkWMO85TRi$HI+8lyFPFLZSBgInKosap4d6NaaQYYEjwMgyyUrADEU=','','01754375262','Souborna','','2022-08-06 13:55:39.482611','2022-08-06 13:55:39.482668',NULL,0,1,0,0,0),(38,'pbkdf2_sha256$260000$2QuFkRLPDGhugGeBnjesR6$0XvWD41hdOdsuFG32ixR2PJT7fckG0BEYLBEkzXniTE=','aminurislam3086@gmail.com','01402048382','Md.Aminur','','2022-08-06 14:00:14.712724','2022-08-06 14:00:14.712781',NULL,0,1,0,0,0),(39,'pbkdf2_sha256$260000$0vBmoAXnpV19Nj2j8o3to0$v7hxuTEAIPv3FxZyhJSkVwswMViOmiy/hbU7EJHD4hg=','','01304564049','Suraj Kumar Biswas','','2022-08-06 14:01:35.746230','2022-08-06 14:01:35.746288',NULL,0,1,0,0,0),(40,'pbkdf2_sha256$260000$6x0rmOJA6qNa1RPlLYTQi0$mF6owfFmKiJ2SyrHXIhhypUYsrfaE0ap7ZSABEFghMA=','','01317799105','Halima tuz Sadia Islam','','2022-08-06 14:07:12.551299','2022-08-06 14:07:12.551356',NULL,0,1,0,0,0),(41,'pbkdf2_sha256$260000$mPeujzjoOyjWxQi42tsTOd$GJVluMp8GLFpOAH4ozzEybGADvs6K+iEEfDoSMVIxfo=','','01575486897','Sumaiya Akter Kheya','','2022-08-06 14:07:33.477648','2022-08-06 14:07:33.477722',NULL,0,1,0,0,0),(42,'pbkdf2_sha256$260000$T2KscENkSO6dROjtTksjjz$Ob/iF9XCSpcEeiOWxWdicvTvJlWTG8qy3zyV1RQaVXI=','jubayer@gmail.com','01938773538','Jubayer Mia','Jubayer Mia01938773538/pp/Zubayer.jpg','2022-08-06 14:10:02.356865','2022-09-30 11:49:00.950001',NULL,0,1,0,0,0),(43,'pbkdf2_sha256$260000$UtFqcAtzl0cuvy9kMsFdhh$gr3pVJC0v/ON1XJIR3ydzoM5Jqh4DONWrx/e3MR7MmI=','','01303569881','Sumaiya Khan','','2022-08-06 14:11:14.094488','2022-08-06 14:11:14.094548',NULL,0,1,0,0,0),(44,'pbkdf2_sha256$260000$reSiueoqsZt2cQawIUuCYP$pAG7Bf+aLJEsC4BtPBXKLiMJ7N6R9bVSgLdbhpfwPxM=','','01792144437','Md.Ariful Islam','','2022-08-06 14:14:16.414972','2022-08-06 14:14:16.415031',NULL,0,1,0,0,0),(45,'pbkdf2_sha256$260000$ENMtO3n940zMIZ89JQvoMw$QBQAyHiMgTijAkS4jUCZbW5nCGIolPoBL5714Y4YoOQ=','','01306620438','Haoya','','2022-08-06 14:15:01.129586','2022-08-06 14:15:01.129666',NULL,0,1,0,0,0),(46,'pbkdf2_sha256$260000$cmCbMN3Lo3jW4nzl0dCQ3Z$xZ+3szkl9THOnk4dNmOaIGqNcy2bCMq3LO/j04dowc0=','','01302762606','Md. Habib Sheikh','','2022-08-06 14:16:58.791979','2022-08-06 14:16:58.792039',NULL,0,1,0,0,0),(47,'pbkdf2_sha256$260000$cw1fKV6lwfIqNDLEJ2Dhte$GEUEb079gqnH6nKmf50/PweY29VGO7uFYbVK89b7NzQ=','','01763764264','Joya Bhoumik','','2022-08-06 14:19:52.590118','2022-08-06 14:19:52.590192',NULL,0,1,0,0,0),(48,'pbkdf2_sha256$260000$pDM781rZtXlmZaod2Tv8EC$gt21Grx9wiUMTv/kMPhJ1qVMEE8Lqp6WjOCaT+izjr4=','','01611086050','Shuvojit Karmakar','','2022-08-06 14:20:47.975009','2022-08-06 14:20:47.975072',NULL,0,1,0,0,0),(49,'pbkdf2_sha256$260000$qWdRHrKFKEnYZrzAsFmJkF$eh1UIEyovSe0R/jEt89418Wh9FIDK+ShjdjmBIpCI4k=','','01303275299','Sushmoy Karmakar','','2022-08-06 14:23:49.292748','2022-08-06 14:23:49.292806',NULL,0,1,0,0,0),(50,'pbkdf2_sha256$260000$T4bowAEAoobIPVLt3A6r9O$OSHh3ArgRwpGPqVDA16Kv7ccCVxSwB/knuRGLlBq/iE=','','01904966071','Sadman Farhad','','2022-08-06 14:26:51.784380','2022-08-06 14:27:34.992637',NULL,0,1,0,0,0),(51,'pbkdf2_sha256$260000$vILDiMCY4COFafmTlnsxrM$Y+ZWk+Q4+q9XRRSKBV2mg9511cm167W5V8YHyK1taBM=','','01719285582','Aritri Chakrabarty','','2022-08-06 14:27:33.318057','2022-08-06 14:27:33.318115',NULL,0,1,0,0,0),(52,'pbkdf2_sha256$260000$VyXtxfQFoqh5IKWAUJz2dW$LGrV4teU2ndjDSuonms65F/P9Up7MijXdoMeBMAdMNQ=','','01761459401','Sanzana Akter Mim','','2022-08-06 14:29:35.649359','2022-08-06 14:29:35.649438',NULL,0,1,0,0,0),(53,'pbkdf2_sha256$260000$KdplYf53kiTUH5qPx80jfo$OCAkZh8gznheyWJx0DbO5YSaTJfKVIsWGMqGwA3qfCI=','','01868047499','Tahmina Akter','','2022-08-06 14:30:06.365450','2022-08-06 14:30:06.365511',NULL,0,1,0,0,0),(54,'pbkdf2_sha256$260000$S10sW5dWLnJDmfYiiJauOv$2rEAwORtvvFPfOd1aDCQaIqs2F1rgAqbQeRyFtoLFUA=','','01728752392','Md. Shahadat hossan','','2022-08-06 14:32:49.941396','2022-08-06 14:32:49.941465',NULL,0,1,0,0,0),(55,'pbkdf2_sha256$260000$uJ3Emanf6Qh5yo6zCQoI9p$UEF+nmmxAT20i3WK41T2KIWIO3edCIq7jSBEA1f7S0w=','','01740424314','Sanjida Alam Nusrat','','2022-08-06 14:33:17.581659','2022-08-06 14:33:17.581735',NULL,0,1,0,0,0),(56,'pbkdf2_sha256$260000$avHkyTcG8z5ILFgFi1ayOP$qKl4GkW3/1UoryIswQsIcGOa7qA69O6WwdoLFj1Y908=','','01785892601','Nusrat jahan','','2022-08-06 14:36:55.237810','2022-08-06 14:36:55.237890',NULL,0,1,0,0,0),(57,'pbkdf2_sha256$260000$QjXEaWwD7P41hHzGboLM7O$3wQjUg9dVmLnvZBbIebbFIzEkM6t3uB+5wMriUgg0hU=','','01725000784','Mohima Zaman','','2022-08-06 14:37:33.002110','2022-08-06 14:37:33.002171',NULL,0,1,0,0,0),(58,'pbkdf2_sha256$260000$0YCYFwnVCZv7TWunFoEmod$7IBsEFdpTdWH5BdrM1uNkVhbl8xIvh8vAoUIOh44SyY=','','01765617504','Tanvir  Hossain Abir','','2022-08-06 14:43:54.084127','2022-08-06 14:43:54.084189',NULL,0,1,0,0,0),(59,'pbkdf2_sha256$260000$mLDsZHFj3gZEAPv735CDSb$tbmvLNR8d8jRxJyBf9zy9HhZZebRj5piaXn4bKomRdo=','','01404392699','Nibir Sardar','','2022-08-06 14:48:10.702457','2022-08-06 14:48:10.702517',NULL,0,1,0,0,0),(60,'pbkdf2_sha256$260000$CrjXnV7JkYGtGW3ZlHGMAU$S5RcMPPgRS/Dv6rPGabB7kDZh6qZqY5l2OSKtWBfDvU=','','01785618394','moniruzzaman monir','','2022-08-06 14:53:50.561894','2022-08-06 14:53:50.561954',NULL,0,1,0,0,0),(61,'pbkdf2_sha256$260000$6EY1xIYqpFi72GONmVDSnM$FOK8bDBndmvzt8DFRybL7YKKgaifFar8Cn/mqwLCWh0=','','01757440059','Md. Mushfiqur Rahman','','2022-08-06 14:56:11.051948','2022-08-06 14:56:11.052010',NULL,0,1,0,0,0),(62,'pbkdf2_sha256$260000$NhfJafo3isSxiQ1sM4yUWb$ViSSDCY+UjkJnkRdreTbjpBmPUBZReKm2aaq/38HxEU=','','01768874901','Sompa Malo','','2022-08-06 14:58:16.932496','2022-08-06 14:58:16.932557',NULL,0,1,0,0,0),(63,'pbkdf2_sha256$260000$l7UeRQ1JWjOiXs0OuMhdYI$35TzCL062syhMZKGYdBH7Oxq8qqISjM+FXFiT8PUGpQ=','','01880775057','Nafis Ahammad Tanim','','2022-08-06 15:04:00.484558','2022-08-06 15:04:00.484615',NULL,0,1,0,0,0),(64,'pbkdf2_sha256$260000$EE2j1aJsG1E02c5vdACNLw$VP2B5mOYTanqizuTBgFIMmcS64n7s9UWmwfSMPTDvS0=','','01941914399','Fariha Afrin','','2022-08-06 15:10:59.083587','2022-08-06 15:23:24.081583',NULL,0,1,0,0,0),(65,'pbkdf2_sha256$260000$yV8xHFy7J8XG8cUiVqhpBq$xGrFA/g2dehzZYFqS169En2wpZCG80bJruD0CmTxfYQ=','','01873712493','Mohona Akter','','2022-08-06 15:18:52.741014','2022-08-06 15:18:52.741077',NULL,0,1,0,0,0),(66,'pbkdf2_sha256$260000$OifyPNFXm7Ae9f1tkAejBs$CUiVhcr7wmJBNQd092YEOGtjXTvqHsdeIXH88MH1i+M=','','01774919039','Zerin Omar Samara','','2022-08-06 15:21:31.594564','2022-08-06 15:21:31.594623',NULL,0,1,0,0,0),(67,'pbkdf2_sha256$260000$R6Q7JtD3TeBWoIAzzCabcJ$gZGa5xOBCWBP7D/CGIHESeLjvkllYp4UtqUk/UaZ4wE=','RIPA@GMAIL.COM','01750034660','Ripa Khandaker','Ripa Khandaker01750034660/pp/RIPA_KHANDOKAR.jpg','2022-08-06 15:26:08.209188','2022-09-29 11:16:48.071525',NULL,0,1,0,0,0),(68,'pbkdf2_sha256$260000$POiDBxvtJgtzahBlUiY2Bd$M0pPWhKqe8vZarKKknC+Jh5w8Wu5wGL5nitzmdTDOJY=','','01710410167','Ratul Joye Dutta','','2022-08-06 15:28:34.740766','2022-08-06 15:28:34.740821',NULL,0,1,0,0,0),(69,'pbkdf2_sha256$260000$bZbaxTCkzyYmOkLRhI9flr$p9C5sOK/03Dm2p2Xzwilaza0OeCApOZfwjrYKAq1j38=','','01772732074','Mst.Sanjida Sultana','','2022-08-06 15:29:40.421598','2022-08-06 15:29:40.421657',NULL,0,1,0,0,0),(70,'pbkdf2_sha256$260000$IgsEBOJYSSZaWoBkJscRaZ$9ZMUiCWtFLkwkjQWLohgPoVXfqWCUzCWG3P6d9wjW18=','','01319695492','Tajalli Afrin','','2022-08-06 15:31:14.696057','2022-08-06 15:31:14.696115',NULL,0,1,0,0,0),(71,'pbkdf2_sha256$260000$dhRkfA1oJK0EWpVGIdTCJE$MNP3iPy0GpSbyGjNsHhmHWT8x5o20m//j+McwmyRxuY=','faysal@gmail.com','01640050615','Abdullah Faysal','Abdullah Faysal01640050615/pp/abdullah_foysal.jpg','2022-08-06 15:35:15.841208','2022-10-01 12:59:57.155293',NULL,0,1,0,0,0),(72,'pbkdf2_sha256$260000$BsMne3Q6Nv8taKGAFv1I27$mWvdE4pjcnARRMAVDA0JXkX2A2YDuo/JDF8JmHQ+dlM=','','01748316851','Shah Alam Hossain','','2022-08-06 15:38:16.493555','2022-08-06 15:38:16.493615',NULL,0,1,0,0,0),(73,'pbkdf2_sha256$260000$9Njsiwuwh5UNYjRMQfkn8V$83xE1h8fjzm9UaSemeOUFxAxOZwNOYcPzYMm7VolAs0=','','01708764341','Nafiz Fuad Alvee','','2022-08-06 15:40:32.566731','2022-08-06 15:40:32.566875',NULL,0,1,0,0,0),(74,'pbkdf2_sha256$260000$CY9r4ulLWwiAnevgCHKahE$BkQVI3Oglar/MR7HdX8ytrD4FKXqDj1qcW1mnY777+M=','','01635240149','Md Sakib hossain','','2022-08-06 15:45:41.624299','2022-08-06 15:45:41.624362',NULL,0,1,0,0,0),(75,'pbkdf2_sha256$260000$JkhgUWYaYg5GcOICcG72wT$IWL3jwGwGR9T5t/HUPvGWTLGvQjGWf5FjuktVjhjG0I=','','01798482057','Doli Khatun','','2022-08-07 14:32:59.519770','2022-09-01 14:26:45.799916',NULL,0,1,0,0,0),(76,'pbkdf2_sha256$260000$BIy2uYzFE4KYLKS1i5Y2ML$pWegyQ2CNto3NF/kym193aj/Bq5NUGElY+WnTakQel0=','','01611948154','Sydur Rahman','','2022-08-09 15:27:29.337755','2022-08-09 15:28:35.710586',NULL,0,1,0,0,0),(77,'pbkdf2_sha256$260000$hzwGKqMXI9DvTH8SUNuDtC$ql7LNL9X6GUCGiueL/cMI3JYU7354PhEhYftMEPEVHI=','','01640219175','Nisata Jahan Nirjona','','2022-08-09 15:35:04.907678','2022-08-09 15:35:04.907739',NULL,0,1,0,0,0),(78,'pbkdf2_sha256$260000$1aNpO9ELHcnyYVmsSHNCX1$OHQnPhW/vtr71eV3g5Dac1QdSV7BDlIrXT1dvb0eRdQ=','','01834206752','Jannat','','2022-08-09 17:16:51.311727','2022-08-09 17:16:51.311792',NULL,0,1,0,0,0),(79,'pbkdf2_sha256$260000$EIal1cILER7aK3ZUglB4gr$Z4Z7ranChC77ItRP+Uz3ZamjxDFVYiyTxBMR+HN3Omg=','taefatunnahartonny@gmail.com','01608142412','Khondokar Taefatunnahar Tonny','Khondokar Taefatunnahar Tonny01608142412/pp/Khaondokar_taifatunnahar_tonni.jpg','2022-08-10 09:46:29.671529','2022-09-29 11:07:38.377652',NULL,0,1,0,0,0),(80,'pbkdf2_sha256$260000$12jguExkArbDuCnpi7KOPi$qhPjKuGZ+cfa3YXz5y869Kkg5GbWINh+NnO1Qg2+9Ic=','','000','000','','2022-08-10 09:49:35.740088','2022-08-10 09:52:11.603675',NULL,0,1,0,0,0),(81,'pbkdf2_sha256$260000$jko5WAoSbFJRRJKpfOFpP5$LTt9CLqPMn6pJ9yjrRLG9aOuIQk0SSyGZ5rl7RtmW7c=','','01788304266','Mehezabin Nira','','2022-08-10 10:47:48.034994','2022-08-10 10:47:48.035055',NULL,0,1,0,0,0),(82,'pbkdf2_sha256$260000$GB1fZVWQGiluEyvdItqWkB$0FiTJt6yWX37/rR26xVoHH1cefvqmB42XKvF/fbperQ=','','01787305286','Kazi Mozammel Hossain','','2022-08-10 17:59:26.108983','2022-08-10 17:59:26.109042',NULL,0,1,0,0,0),(83,'pbkdf2_sha256$260000$wf1Z9MgKAeNVxXB7vchApn$zxU2xt+6bfLNPLXGxn6juC3fpOd6NcE7cElOetcLjxY=','','01304913194','Asif Ebrahim','','2022-08-10 18:18:22.596135','2022-08-10 18:18:22.596195',NULL,0,1,0,0,0),(84,'pbkdf2_sha256$260000$dzFu4tinbYQ7TseOvUgP4I$TehsIMyP3125WsaVfoU/gVUXMrag9dw03+C2iHbNuFs=','goutammandal2002@gmail.com','01768811599','Goutam Chandra Mondal','Goutam Chandra Mondal01768811599/pp/Goutam.jpg','2022-08-10 18:24:54.773272','2022-09-29 11:58:58.094325',NULL,0,1,0,0,0),(85,'pbkdf2_sha256$260000$n3V9QylhJ0G0FK3wEmj8UM$5WqeRGv3nS2uTmv+rUa07iwRARZUoiVHw5R4BBr3zEE=','','01716319727','Md. tokibul haque ayon','','2022-08-10 18:45:47.367002','2022-08-10 18:45:47.367061',NULL,0,1,0,0,0),(86,'pbkdf2_sha256$260000$IGGPMrUqclQNCvefa1B4tp$+T096/GLgv80/OJ5cvm6MHg0/UBiNzLWJdRpkAYNypU=','','01777477553','Sourov Saha Badhon','','2022-08-10 18:50:22.041210','2022-08-10 18:50:22.041290',NULL,0,1,0,0,0),(87,'pbkdf2_sha256$260000$A3fe1UndNaGt19RZj4a25p$JN/Wteiiy2ewDF/SZ1kTeISEkiL2MPoEjIALR9jLGts=','sumaiya@gmail.com','01303888314','Shahanaz Akter Sumaya','Shahanaz Akter Sumaya01303888314/pp/sahnaz_akter.jpg','2022-08-10 18:54:14.874007','2022-09-29 11:36:30.880427',NULL,0,1,0,0,0),(88,'pbkdf2_sha256$260000$bqttDSRLG0JGmDBBHEXTRI$1ZRA4xiG6p6rCFFFpkBlD3IFoY/hG4lZGpWGFIzzecU=','mostofa.raihan2002@gmail.com','01745233581','Md. Mpstofa Shake','','2022-08-11 10:29:36.851750','2022-08-11 10:29:36.851813',NULL,0,1,0,0,0),(89,'pbkdf2_sha256$260000$Znee9vXIEv2hPZiNS8d9lC$u8FFmTi6KamliOCvvlRz7PLPZFjp/tv//EMhqordsM4=','','01704485300','Ridita Paul Prity','','2022-08-11 13:50:26.709421','2022-08-11 13:50:26.709492',NULL,0,1,0,0,0),(90,'pbkdf2_sha256$260000$W1irLJByOHBU99LRPwezPi$FAqWH2wu3X9WwloW2hmtlRp1tsDb92d7jTiFRRi4OGo=','','01317014758','MD.Repon Howladar','','2022-08-11 13:55:40.513411','2022-08-11 13:55:40.513471',NULL,0,1,0,0,0),(91,'pbkdf2_sha256$260000$id5IXycldwJ4sjaYjjxCq8$2Ou2w/fXldPKvS+1L7HqWXoeo85s3THBre5U09PAdgY=','','01756688882','Rushda Ruquayya Mimma','','2022-08-11 14:02:07.711243','2022-08-11 14:02:07.711302',NULL,0,1,0,0,0),(92,'pbkdf2_sha256$260000$GuHj1mIE8TA9dxV14ekMpM$dN8ZFM7B1zUzyKKFRs0xqm0GhPXP9Dl3Jdy9N+T8gcY=','asha@gmail.com','01792479030','Shahazadi Fahima Asha','Shahazadi Fathima Asha01792479030/pp/ASHA_k9tFXqC.jpg','2022-08-11 14:06:15.354108','2022-09-29 13:17:42.955256',NULL,0,1,0,0,0),(93,'pbkdf2_sha256$260000$cW0yVcBKvbQ95Lh4hSdNkG$vFFNFDhxzQiT0rHpj59h1ePMsGfZ8irrzS9WBEhO5Cw=','mitu@gmail.com','01722105642','Musfirat Nasrin Mitu','Musfirat Nasrin Mitu01722105642/pp/MUSFIRAT.jpg','2022-08-11 14:09:25.140625','2022-09-29 13:07:59.020712',NULL,0,1,0,0,0),(94,'pbkdf2_sha256$260000$WpblSpvSFIh4nf7tc5j6su$FcR92xDIzkJC7x1PgBHEjwuMEmdsUetTkHZo3G1Wcj4=','kona@gmail.com','01760439516','Jannatul Ferdos kona','Jannatul Ferdos kona01760439516/pp/Jannatul_ferdous_kona_Dux7O8A.jpg','2022-08-11 14:14:16.139292','2022-09-29 11:48:16.288476',NULL,0,1,0,0,0),(95,'pbkdf2_sha256$260000$tCoyg5HlSKplyLNTw76mMN$ShTxOWa54i3yJ7vtsBiMr7hbZO5pBcp9+751If2bFyg=','','01711134783','Rutaiba khan','','2022-08-11 18:34:54.100222','2022-08-11 18:34:54.100282',NULL,0,1,0,0,0),(96,'pbkdf2_sha256$260000$ziTnSp55inPsL8PpHD7YOe$V5knCLxUDhI9MApxmf2tPEuIACPxxTOCBgbmgajPzeY=','','01708564438','Nusrat Jahan Setu','','2022-08-11 18:41:22.315813','2022-08-11 18:41:22.315873',NULL,0,1,0,0,0),(97,'pbkdf2_sha256$260000$dCSPYmMBcG4gMbUAslSwzS$yRWQSvHRl1i5mto7W8XGIZe9odha7WYzon8LKs4+3Nw=','','01884402198','Mushfiqur Rahman','','2022-08-11 18:44:33.064550','2022-08-11 18:44:33.064612',NULL,0,1,0,0,0),(98,'pbkdf2_sha256$260000$E18QPl4gTcXpGN8Dizu5LL$BHhbEBAtg1hoLj4Gkb1ymq43AUmJ9Jae4bqrB/G2TXs=','','01768429709','Afroza Anan','','2022-08-11 19:55:54.003910','2022-08-11 19:55:54.003973',NULL,0,1,0,0,0),(99,'pbkdf2_sha256$260000$bqBnAMGXsJiv6zK0HEemY0$YNHUCQZ06qzNlpdFBaMjhWVig8zn5HDtkH+aJYhslj8=','','01684936906','Sorna Akter','','2022-08-11 19:59:34.611700','2022-08-11 19:59:34.611762',NULL,0,1,0,0,0),(100,'pbkdf2_sha256$260000$Vy44HOGYydizYJT0QUij8E$VVJg7CEh4LN+7eidc7GlsoSviQKjjGENHnPnZ8Vr9ys=','','01660139712','Lamia Akterk','','2022-08-11 20:02:16.547239','2022-08-11 20:02:16.547300',NULL,0,1,0,0,0),(101,'pbkdf2_sha256$260000$XvQXV5LU4HLuWPV0YnMHDw$m7UfH/Xzqn0P2/FVd92PTHazmeHrsiOrh0dS8EEvazM=','','01912031164','Rifat Ahmed','','2022-08-11 20:04:46.382312','2022-08-11 20:04:46.382373',NULL,0,1,0,0,0),(102,'pbkdf2_sha256$260000$vbujTpSam3Bz4pIyRIanbR$VzR7CPtOQKM4fdeIKmnnBbPrd1CIW0Ih4hfkoGU/iVU=','','01704007078','Prince Sheikh','Prince Sheikh01704007078/pp/cropped2850670074127756874.jpg','2022-08-11 20:07:34.833854','2022-08-12 22:31:06.516130',NULL,0,1,0,0,0),(103,'pbkdf2_sha256$260000$roQTN6VhKvf4q2ZE0bTMqo$K6uvWDA79pcN1ZHblWpWCKFXk1TvkZR+u+2CKy83j1E=','','0171020175','Md. Rifat Molla','','2022-08-13 11:57:06.258665','2022-08-13 12:02:41.496367',NULL,0,1,0,0,0),(104,'pbkdf2_sha256$260000$At4R9cysNIb2WpK4D9trXM$B6v0vgWt1iQBXk3oGoev+arGJ7tCogE5sCxEADmjnlU=','','01706595681','Amina Akter','','2022-08-14 15:54:38.505519','2022-08-14 16:01:15.017869',NULL,0,1,0,0,0),(105,'pbkdf2_sha256$260000$VPiB0yPUoX0wDvXqE4jTCc$Mlu5jhdYIBCq+UnlsS8pJ9+n7mX/fEzrhrjuMtIpsPo=','','01612649164','Tonni Islam','','2022-08-15 10:14:02.895084','2022-09-28 15:25:36.356754',NULL,0,1,0,0,0),(106,'pbkdf2_sha256$260000$eQN7RSqCE3zBhVfDNueFuZ$mXBpo17E8jNhlUH5jWg8hZ5TmYwg9PD3k5OQEMLIG5w=','','01736470671','Mst Laboni Akter','','2022-08-17 16:30:41.192082','2022-08-17 18:08:11.791214',NULL,0,1,0,0,0),(107,'pbkdf2_sha256$260000$tABqxzqSbM2gslNpmEv3RT$ptQk7AZtXeFfkYgkHfDIRRpuqO5UPw6rjy6Wnv9Ch0Y=','','01754250075','Akbor Chowdhury','','2022-08-17 18:14:00.943116','2022-08-17 18:14:52.383564',NULL,0,1,0,0,0),(108,'pbkdf2_sha256$260000$88f4GIIy7d2DxgehY5mJKl$7VuiiHoD5FQwjqv5pL4yTdHFpk3Nt45aHBekD+qZio8=','','0172699266','Tasneen Tabsum Aurihi','','2022-08-17 18:18:43.672867','2022-08-17 18:18:43.672928',NULL,0,1,0,0,0),(109,'pbkdf2_sha256$260000$ozR4aoYobaEULC2WJbLXXt$16H7p3CRfr+xQ8koAm931ZLle0u2TUSTkQ83IkFNhLI=','','01312190757','Md. Ridwon','','2022-08-17 18:20:55.092619','2022-08-17 18:20:55.092680',NULL,0,1,0,0,0),(110,'pbkdf2_sha256$260000$De0ZOuVHemwN03Tx4vVRJx$WV82qh+fKeV3hPE9j71KEnMtcHdVssSzBsVbyJ3K6/w=','','01763623233','Ashra Ful','','2022-08-17 18:24:49.159735','2022-08-17 18:24:49.159793',NULL,0,1,0,0,0),(111,'pbkdf2_sha256$260000$sLDi4RyNFWD9p0mWgnFR3b$hRNW/63cEeKZQ8hJ+tpoZg6NbbwCVCK5VS0mX+YkjGM=','','01763427220','Avishek Chandra Biswas','','2022-08-17 18:28:37.481218','2022-08-17 18:28:37.481277',NULL,0,1,0,0,0),(112,'pbkdf2_sha256$260000$N9gHJOPI68tVfKL2yY5FIH$7sW0W3LsXCpCO8+4jS2CB8ueOg7siF7+pAKs0K3igiE=','','01723745689','Lamia Akter','','2022-08-17 18:32:36.690901','2022-08-17 18:32:55.078311',NULL,0,1,0,0,0),(113,'pbkdf2_sha256$260000$NtVKN7OkvMjLi1okXJKbzz$QcWwxvrD9dLjapVy/ZPyj5vsTmXKzNgWB7V3I+nnfJQ=','mainouddin@gmail.com','01647774247','Mainouddin Ahmed','Mainouddin Ahmed01647774247/pp/Mainuddin.jpg','2022-08-17 18:35:50.981743','2022-09-29 11:54:26.185930',NULL,0,1,0,0,0),(114,'pbkdf2_sha256$260000$unXiGWvUghxsOHtM46zQbw$1eA4bUp9FMUxMOZ6+ySrZY6gobMhAMvsoY1MEcmI8tc=','','01845434348','Mitali Akter','','2022-08-17 18:39:24.553031','2022-08-17 18:39:24.553093',NULL,0,1,0,0,0),(115,'pbkdf2_sha256$260000$EtIke9xfwakrzEG1HEz0E6$pkzw50onJiYovrPx8F7DaRZ7UAl9n55B4/n+d0yap8g=','','01772682271','Md. Sojb Basar','','2022-08-17 18:42:00.037058','2022-08-17 18:42:00.037118',NULL,0,1,0,0,0),(116,'pbkdf2_sha256$260000$ImCqFRmuYpQAQ4Bui2b7Ik$ldlW+BH8JwkiLb55AdGHVbFK9t4eZZQstaqfy7BvcYs=','pujasaha@gmail.com','01795597058','Puja Saha','Puja Saha01795597058/pp/PUJA_SHA.jpg','2022-08-18 09:53:46.127463','2022-09-29 11:19:15.894402',NULL,0,1,0,0,0),(117,'pbkdf2_sha256$260000$6CrmvCo7X4s5RwGSWTYFm2$dg+ujg77CTiyrbFNq6DNEmQr8cCfm5qvkyRSY6KUz30=','','01760464366','Sukhi Akter','','2022-08-18 09:56:36.221981','2022-08-18 09:56:36.222045',NULL,0,1,0,0,0),(118,'pbkdf2_sha256$260000$PLxsRIK1skI7qwz5UY2x1f$3UG6iIFakYkTE/dOedzRV8UU2ATUPMDSrFVEj5soUOE=','','01754416644','Tanjila Akter','','2022-08-18 10:00:55.807345','2022-08-18 10:00:55.807443',NULL,0,1,0,0,0),(119,'pbkdf2_sha256$260000$blTdmi1acWL3LgDs759sXU$1cJraUTMGV+UFyewOTf9spJ0gKWQUPct12tgbOQ0cpw=','sahorinmunni@gmial.com','01783315090','Shaharin Munny','Shaharin Munny01783315090/pp/sharin_munni.jpg','2022-08-18 10:37:00.988078','2022-09-29 10:40:40.239304',NULL,0,1,0,0,0),(120,'pbkdf2_sha256$260000$RDWRvgHD4afCrxnMDDJ6Mf$uNZM5/SPjZGKmQlNbulcQU1zeoSzQXFUht1T5PaQumQ=','','01791999894','Ratna Akter','','2022-08-18 10:40:30.142513','2022-08-18 10:40:30.142575',NULL,0,1,0,0,0),(121,'pbkdf2_sha256$260000$XLMLLXMD37aZ9mh9I6h5f9$2CaDa7dNAklW6qcKHtW5EU+tLYHkoaGLUAAyQzMPNaI=','','01997328960','Krttikar Chinmoyee karipa','','2022-08-18 10:43:27.577202','2022-08-18 10:43:27.577264',NULL,0,1,0,0,0),(122,'pbkdf2_sha256$260000$ksNbR89LQpxdgyzTXXvsbN$bt4D18h/VavXNfDKWFIrQOqgaYLmnZYqeJ2EAiJY/5g=','janiaakter69@gmail.com','01303642969','Jania Akter Jim','Jania Akter Jim01303642969/pp/Jenia.jpg','2022-08-18 10:52:28.857291','2022-09-29 16:41:02.221550',NULL,0,1,0,0,0),(123,'pbkdf2_sha256$260000$K8b9U7aE7in4V7COmqJgfm$86Ck8U6jUHYXAfXDyEpltEIuKLXHE5MepD+hFcvZUk0=','','01747710469','Samiya Akter','','2022-08-18 10:56:54.563932','2022-08-18 10:56:54.563995',NULL,0,1,0,0,0),(124,'pbkdf2_sha256$260000$0q9JSP7AFn6KYs6mKenNbl$GT5D7+n7eSdgAlAJ1N6WpkApVhCY565/d/tINcAd9Ng=','ONONNA2@TITHI.COM','01732005800','anona Jahan Tithi','anona Jahan Tithi01732005800/pp/ANANNA_JAHAN_TIHTI.jpg','2022-08-18 10:59:30.210095','2022-09-29 11:18:36.381737',NULL,0,1,0,0,0),(125,'pbkdf2_sha256$260000$YG1eznYnZ8dTCS23LsW6cw$eR9a071CQm21nNnkS3kcXB6WsoiUzdA6pnn55Mg9DFw=','PRIYONTI@GMAIL.COM','01946900675','Prionty Saha','Prionty Saha01946900675/pp/priyonti_sha.jpg','2022-08-18 11:02:46.106878','2022-09-29 11:00:30.668920',NULL,0,1,0,0,0),(126,'pbkdf2_sha256$260000$RdG2AeO3LuUICwbGVohfwG$c5VTLrw+FJDHu8mcurSwN+h4JWWu0SsMyIt6wuBEaK8=','shaphyqul@gmail.com','01727534662','Md Shaphyqul Eslam Khan','Md Shaphyqul Eslam Khan01727534662/pp/shafiqul_islam_8LUhog7.jpg','2022-08-18 11:06:30.817811','2022-09-29 11:32:40.802663',NULL,0,1,0,0,0),(127,'pbkdf2_sha256$260000$cfWxem0ZSU6LsV4Qp4wMDy$9Q+NSVNVH6ypump4CWc7sjp0F65ZljYtE7aIFoDiOUI=','','01770334436','Mahfuzur Rahman','','2022-08-18 11:10:25.596315','2022-08-18 11:10:25.596376',NULL,0,1,0,0,0),(128,'pbkdf2_sha256$260000$nWfs8VzRVBdzvhV1YYPY5Z$+Rt7eTB+rCueNU5TmVeLTjfuDruRm4sc5XnVxjEI0fM=','','01718568820','Ishrat Zarin','','2022-08-18 11:15:15.796555','2022-08-18 11:15:15.796614',NULL,0,1,0,0,0),(129,'pbkdf2_sha256$260000$OZqpYRJj0BRb5osXvghUqz$7YbzPg0ujcR0g6xDlWTrhqZEHTaqn/jUnqHhbg4r1wc=','','01302693025','Jarin Jahan Eisha','','2022-08-18 14:12:28.249319','2022-08-18 14:12:28.249381',NULL,0,1,0,0,0),(130,'pbkdf2_sha256$260000$HvJab8FYMMwp06MbOM5kN6$FjLOJXLJyEhUOjB0dgph+uzZEQUeDvOecO4cAvX2lQc=','runa@gmail.com','01406964112','Runa Akter','Runa Akter01406964112/pp/Runa_Akter.jpg','2022-08-18 14:29:11.341083','2022-09-30 11:36:19.323958',NULL,0,1,0,0,0),(131,'pbkdf2_sha256$260000$fhHcyz2eMDJr9scwWxvVk5$1xC0NpCzAEzRMYFPOLUAvHjAy0o2y7+BuwtuAlKDCOk=','habiba@gmail.com','01794211862','Habiba Akter','Habiba Akter01794211862/pp/HABIBA.jpg','2022-08-18 14:32:38.831927','2022-09-30 11:34:33.625740',NULL,0,1,0,0,0),(132,'pbkdf2_sha256$260000$z1iAQXWvSc5eZGyKk6AIGa$jZEqESvgYXHvqttT2X7CK4i0dTqRhmRaI+LsvbRSjvk=','','01799357937','Arifa Akter','','2022-08-18 14:35:23.784571','2022-08-18 14:35:23.784629',NULL,0,1,0,0,0),(133,'pbkdf2_sha256$260000$16TFaIpnNrVbyykjdLfblz$PUTwaqFifbuYznnDFL+B+VIWkdNu/StTWEsla45bXcQ=','','01786065724','Salman Hossain','','2022-08-18 14:39:44.909694','2022-08-18 14:39:44.909753',NULL,0,1,0,0,0),(134,'pbkdf2_sha256$260000$VQ7c3JyWZQKr8oSMFfzpll$1CfNaiLCsEs0/X69lVGeHhdM7o2/gr/zGWWor+YgtxA=','','01956962690','Sumaiya Akter Mim','','2022-08-18 14:43:28.294465','2022-08-18 14:43:28.294530',NULL,0,1,0,0,0),(135,'pbkdf2_sha256$260000$tMqdi8x1h89VKikjRzfyUZ$Lp9KayFE5YWkvSCLolmNMhRnF1sBV93CR0gjpaYTafs=','','01792954094','Md. Shoriful Islam','','2022-08-18 14:46:37.932976','2022-08-18 14:46:37.933037',NULL,0,1,0,0,0),(136,'pbkdf2_sha256$260000$wXZvBn6s1neGI6eDiT22dY$w6ByuSVOIBEUzH1qck3L5NNmJN1XyKcRXAFygZf7KlU=','','01751435760','Sanjida','','2022-08-21 12:22:18.751775','2022-08-21 12:22:58.085040',NULL,0,1,0,0,0),(137,'pbkdf2_sha256$260000$kVl940YBEzKdHNEFcVKJ8v$MWm+C11xiqDIxMEyE1SbLkglbbOTf+V+w0Rv+M04ehQ=','','01914670587','Shanta Islam Mim','','2022-08-21 12:25:02.625300','2022-08-21 12:25:02.625393',NULL,0,1,0,0,0),(138,'pbkdf2_sha256$260000$wloBbSCo2dnV2rRdE8PXVj$V4denvI9d9zt8A1tckD0dhSR+5MTF1N+V//FG69zj5w=','','01310644033','Md.Nasim','','2022-08-21 12:28:27.593083','2022-08-21 12:28:27.593141',NULL,0,1,0,0,0),(139,'pbkdf2_sha256$260000$Bdb2qdGywvNvJ3gMgOfPiq$LAWQ/9e5C6EIShLOrmG8cF1WPenTrNEl2kN9tnaLmJc=','','01315942379','Tarik Jamil Junayed','','2022-08-21 12:30:54.468836','2022-08-21 12:30:54.468894',NULL,0,1,0,0,0),(140,'pbkdf2_sha256$260000$3M2tANplXTwAbay8t8pMZ5$iM0z42GeqtwpRBLV4zy+x6nv0azdeBkNi5yyv2nPwgY=','','01735525578','Konika Akter','','2022-08-21 12:33:56.838412','2022-08-21 12:33:56.838484',NULL,0,1,0,0,0),(141,'pbkdf2_sha256$260000$tMPnfgcCmSCygdppoOn3bg$dyOK1+L6FmlmV/UV++74FKXvgKGqwK6XOFkVjaznIuA=','','01821901752','Sabrina Alam','','2022-08-21 12:36:32.569980','2022-08-21 12:36:32.570037',NULL,0,1,0,0,0),(142,'pbkdf2_sha256$260000$2MBIihtk6i2VTJvbWtGwBO$emy3umStALnuERaaPtmWxqN0lax4wmO2DdNG5UPud0s=','','01321797543','Nazmin Nahar Eti','','2022-08-21 12:39:00.700211','2022-08-21 12:39:00.700272',NULL,0,1,0,0,0),(143,'pbkdf2_sha256$260000$FhMqimvMhLAXIy1g643HIB$p1Hqfc77eeRbyuYYZvBN1HE1DLgJq9liqm1cGQoXIvk=','','01742012133','Humaira Akter','','2022-08-21 12:42:04.640157','2022-08-21 12:42:04.640215',NULL,0,1,0,0,0),(144,'pbkdf2_sha256$260000$QLfDRoMwM4eP2Vw2LVqwQO$J5vBHGDIB77nC9UG1E4wt4QttPVcZgc9HNVkpZQxfL8=','','01320904465','Mansura Akter','','2022-08-21 12:45:17.912641','2022-08-21 12:45:17.912702',NULL,0,1,0,0,0),(145,'pbkdf2_sha256$260000$LZz6SNpV8etnCSyPbl8bCR$bY3Yf07Gu7tszwiJlUqky2qtBipcdQcqlvDUJll9kic=','','01752320978','Methila Khanom Mim','','2022-08-21 12:48:21.268001','2022-08-21 12:48:21.268062',NULL,0,1,0,0,0),(146,'pbkdf2_sha256$260000$4eSP25Ba1kPC9HxqrJyKUl$O+5Lxf5NBLtly2rGXOsnvWsd8NpaJPVe4ol+Yq4OaUc=','','01611947862','Shila Moni','','2022-08-21 12:50:33.394251','2022-08-21 12:50:57.873351',NULL,0,1,0,0,0),(147,'pbkdf2_sha256$260000$MfmRgZbhc3Y9z5K9ww9wXD$Go9ff/DpUVQ1NOPVYDYE8RfOHHCv/CT7CaQzresJX5E=','','01864563015','Shahriar Chowdhury','','2022-08-21 12:54:07.520609','2022-08-21 12:54:07.520668',NULL,0,1,0,0,0),(148,'pbkdf2_sha256$260000$eeUl4HJoXZxaiSarHIxA3m$dw0557+2WwTe4QJVQm2DwKRV+4xPPQ7U/RpQ6fmJHY8=','','01943561253','Nabajoyti Ghoshal Kabya','','2022-08-21 12:57:25.412367','2022-08-21 12:57:25.412425',NULL,0,1,0,0,0),(149,'pbkdf2_sha256$260000$Djp52Imx9U7T7AEEaX96y9$jtFrIY/2Gvc0Y7uO3QRCeh+RqcmDcUZlx9Gu78SXALw=','','01710318558','Safia bintay Sara','','2022-08-21 13:00:09.415943','2022-08-21 13:00:09.416004',NULL,0,1,0,0,0),(150,'pbkdf2_sha256$260000$6tomXxPFfRLdXydg2R1Wy5$34NgukGYrnA7wo6OMnk0Sy4iV3XqQ8LK/KvoPP2NSBs=','','01718898112','Rahul Karmaker','','2022-08-21 13:06:35.429164','2022-08-21 13:06:35.429270',NULL,0,1,0,0,0),(151,'pbkdf2_sha256$260000$j4zCCt7xi4Kuzui0CpYC6c$fhB/FYmH6v2KpQxxPZ7F71/7tkIdlUfrKzJp5c7RuMw=','','017102201715','Md.  Rifat Molla','','2022-08-21 13:24:09.679004','2022-08-21 13:24:09.679064',NULL,0,1,0,0,0),(152,'pbkdf2_sha256$260000$q9LxfGuR3Y0HSNlVPe7dzy$9aJvUhB7LIP8Z25WpSNHToPwCDZP8jRqMoBYc+OWhpk=','JAHANTASBI@GMAIL.COM','0175395248','Jahan Tajbi','Jahan Tajbi0175395248/pp/JAHAN_TASBI.jpg','2022-08-22 10:47:34.045651','2022-09-29 11:21:13.376235',NULL,0,1,0,0,0),(153,'pbkdf2_sha256$260000$Z6fK9I5Og7nIqhzPOvweEE$ZL5YlU8C1Fr9paFv43tLdfab63fMZSJSTuFq4Ppzo20=','sadia@gmail.com','01777354830','Sadia Islam','Sadia Islam01777354830/pp/sadia_islam.jpg','2022-08-22 10:51:35.307252','2022-09-29 11:57:46.284755',NULL,0,1,0,0,0),(154,'pbkdf2_sha256$260000$ah6gNAf5HbdEI6rb1C0ZPF$UHpXooCoWfL3sL6yuQ/PqgNfqcf8xmEvzJXrhA/2eZM=','','01313214324','Sadia Islam Hera','','2022-08-22 10:54:28.897364','2022-08-22 10:54:28.897420',NULL,0,1,0,0,0),(155,'pbkdf2_sha256$260000$bqkfz7QxecAYhV7JPrfK9H$9hpuRZPvQ8VN9mxafpSTiPhB1gNGYoeJvK01xl8XVSc=','FATEMA@GMAIL.COM','01816309757','Mst Fatema Tujj Zohora','Mst Fatema Tujj Zohora01816309757/pp/fATEMATUJ_JOHORA.jpg','2022-08-22 10:57:29.182614','2022-09-29 11:16:06.366433',NULL,0,1,0,0,0),(156,'pbkdf2_sha256$260000$uk2HI0rW4GTOhlS1fpAsgP$jTKutO+5myHOvDms4qoGXUJ0pCcdNJjREAYQ4sQXOq8=','','01930208396','Upama Adhikary Riya','','2022-08-22 11:00:42.920170','2022-08-22 11:00:42.920226',NULL,0,1,0,0,0),(157,'pbkdf2_sha256$260000$S6xphb2c7bTQCquSUHp05E$yjQP2wduK66WLckzhDDlJySSzb8aliiF1TqwfsO8Tvs=','mdsakibh352@gmail.com','01791271376','mD. SAKIB HASAN','mD. SAKIB HASAN01791271376/pp/shakib_hasan_vXLe1yP.jpg','2022-08-22 11:03:46.831302','2022-09-29 12:05:42.958836',NULL,0,1,0,0,0),(158,'pbkdf2_sha256$260000$9yAixdZA4dvgGf2hSq02MI$pzVFy1zMh48uhTc6TGJyIU38fgI3dUG7A6qyi428sgY=','motaleb@gmail.com','01709690529','Md Motaleb Hossain','Md Motaleb Hossain01709690529/pp/Motaleb_hossainh.jpg','2022-08-22 11:06:50.433465','2022-09-29 10:21:25.923911',NULL,0,1,0,0,0),(159,'pbkdf2_sha256$260000$9BVdpYAuuRCetIRNbNdP0F$iCTH+fRzHFlp3JfvrbEU+el3V9iG9+IMxCIcJxCPxeU=','','01816196389','Md Samcul haque','','2022-08-22 11:10:37.680917','2022-08-22 11:10:37.680975',NULL,0,1,0,0,0),(160,'pbkdf2_sha256$260000$JMNSKPaV05pSYvqtPa0Tqb$UdW8OlnK8taBj1mp0oOhIk1NHUCditI9eKOwxGg8JZo=','mahfiz@gmial.com','01319622802','mahfiz ahmed','mahfiz ahmed01319622802/pp/mahfiz.jpg','2022-08-22 11:13:59.322732','2022-09-29 10:38:38.165403',NULL,0,1,0,0,0),(161,'pbkdf2_sha256$260000$FiOmDeDXTaQTqIcBlMgnRB$+cFlanXkoO5tIaxtAHkS535N0j4Tw4+voTWzs0wUyfQ=','','01955222127','Munny Akter','','2022-08-22 12:37:51.941952','2022-08-22 12:38:40.539176',NULL,0,1,0,0,0),(162,'pbkdf2_sha256$260000$r6QQWtpTtI9b8Yu9kVJnDb$JUWHtRm9HBx59i54mQXz0gJnYHoFvKhV8YzvS7Fqk0A=','','01323634753','Nayemur Rahman','','2022-08-28 10:13:17.209530','2022-08-28 10:13:17.209594',NULL,0,1,0,0,0),(163,'pbkdf2_sha256$260000$8bWY8ru6kkb81IVQzxlSay$/2JR0HJ9vR3UvG0XrdbvnzJ/DpBa/514lacddmg5jJA=','','01820941036','Abulkhair Rohan','','2022-08-28 10:22:40.935053','2022-08-28 10:22:40.935114',NULL,0,1,0,0,0),(164,'pbkdf2_sha256$260000$9pQuaXKkvmvrwrFhTXgOSo$/TyHomSLEPVo7/JyjzsAnwd21TE2KHFkMK9SP9jklyQ=','','01795709896','Lamiya Akter','','2022-08-28 10:25:38.547797','2022-08-28 10:25:38.547855',NULL,0,1,0,0,0),(165,'pbkdf2_sha256$260000$3ajo1xgQPOBntNZ1VIIMY4$KSyn07lOSexfes4TSwcjkw7hKttG/3EawOPQWVLwS7c=','','01733562320','Tasmin Aktary','','2022-08-28 11:16:07.346585','2022-08-28 11:16:07.346663',NULL,0,1,0,0,0),(166,'pbkdf2_sha256$260000$HbxsLkRQNfHDIhu0mSzIdy$YsM+IVoIQVBgnuacotBmYJ6sN0xyZ8ZpTnvySsYu+Ng=','','01314020755','Anwara','','2022-08-28 11:19:18.262755','2022-08-28 11:19:18.262847',NULL,0,1,0,0,0),(167,'pbkdf2_sha256$260000$LZs4zo5IT9BR7YjfiIktSi$TY749NOdEPlWQkAM+au6po+ISGokzPDg9xu+Nq9RgRE=','','01303525166','Keya mini','','2022-08-28 11:21:29.011685','2022-08-28 11:31:40.676520',NULL,0,1,0,0,0),(168,'pbkdf2_sha256$260000$uihSORTgKOja01nYmSSef2$pCUStkBb32SiIM+b2P1ZRv3nMga1uoK/h1RixX2/fZ8=','','01308872649','Preantu Saha','','2022-08-28 11:23:56.157178','2022-08-28 11:23:56.157245',NULL,0,1,0,0,0),(169,'pbkdf2_sha256$260000$gr08WNBdtnw6aSYavcJ7ht$oWDa+o9NcwAlWvGJfUcBxlCL24XNe3uNOaSSEErCuAY=','','0173669291','Banna','','2022-08-28 11:26:40.724328','2022-08-28 11:27:42.736489',NULL,0,1,0,0,0),(170,'pbkdf2_sha256$260000$NdVUuK4B1KNrtxFLLJ45yM$xxfFph6lidCwh6KVZaNiq/B7QRPaBFo1x0ngzcqOe68=','','01740964368','Fatema Akter','','2022-08-28 11:31:10.024866','2022-08-28 11:31:10.024927',NULL,0,1,0,0,0),(171,'pbkdf2_sha256$260000$Q3depMftG4YH7yAw6VfssE$B4gl72siYvWdiiZwMcYTjBBbj3nBBEr20UVQ3X23CXg=','hamida@gmail.com','01795501132','Hamida Akter','Hamida Akter01795501132/pp/Hamida.jpg','2022-08-28 15:22:17.561223','2022-09-30 11:35:24.851058',NULL,0,1,0,0,0),(172,'pbkdf2_sha256$260000$dtPb3iDy3phyvCNfjaVHIe$nuIenXvRXm9w32fZoBmIPA0Lp7tiTcN0gukViVpexp4=','','01304063113','Shammi Akter','','2022-09-02 10:59:32.206448','2022-09-02 10:59:32.206508',NULL,0,1,0,0,0),(173,'pbkdf2_sha256$260000$IHTs7CArtsNFSc26vv7KhF$1+i6MmUiNAGL8TiZlh3f2L53nXwsEt72xELPD/FCi1s=','','01309355070','Sadia Farhana','','2022-09-02 11:06:01.468484','2022-09-02 11:06:01.468543',NULL,0,1,0,0,0),(174,'pbkdf2_sha256$260000$snOp1rApFaMOKi3WaR2Mog$sfW2VTqhtc25QWmHx3F/AL+1iHTbAGCk9tVDR7W8wlY=','','01791726376','Suriya Akter','','2022-09-02 11:08:54.908021','2022-09-02 11:08:54.908080',NULL,0,1,0,0,0),(175,'pbkdf2_sha256$260000$lEVrR44z8xXHpvlDi5RfFZ$cGcMG2ahVl/98JHkEdB7IjZYQMXhzlU+jMFkU6CA144=','','01704984623','Nadia Akter','','2022-09-02 11:15:20.688344','2022-09-02 11:18:22.669090',NULL,0,1,0,0,0),(176,'pbkdf2_sha256$260000$4jpRYk55cIw99aqe7oPcfW$e5BmOFTeaT5x0Z7MYlv2yGvFuaKCkzPgClOFMbMVoFE=','','01725893406','K.M Jubayer Hasan','','2022-09-02 11:17:59.271000','2022-09-02 11:18:50.916555',NULL,0,1,0,0,0),(177,'pbkdf2_sha256$260000$qeqGbeBDqReaPxs7IveiQW$n6YK2d7e3pLnDzywsCdbYHtMEfpsWhaX2PCYOBIv8aI=','','01723361951','Sumaiya Akter','','2022-09-02 11:21:44.726790','2022-09-02 11:21:44.726868',NULL,0,1,0,0,0),(178,'pbkdf2_sha256$260000$BFSI7jOB3njyg7zgResWfp$iKpNe8qrG6JiVqR6wQKl2VaMgoliFZQhJjy9AX6Q8As=','','01867353297','Puja Rani sarker','','2022-09-02 11:25:18.707056','2022-09-02 11:25:18.707128',NULL,0,1,0,0,0),(179,'pbkdf2_sha256$260000$8jPaesfwRBp9r7FKkTL0vw$ZCsFll3M1E/Cv2LEL4GSHh3jegBorZ7xzEYL47KBS1M=','','01867254907','Mariam Khan','','2022-09-02 11:27:30.874883','2022-09-02 11:27:30.874957',NULL,0,1,0,0,0),(180,'pbkdf2_sha256$260000$z2HrgH1UV6Jh4IR9fjv1M5$EO4r3ErKcoKinCsP/+tiflrJsDhOMuNgoymyeCU/WjI=','','01756502276','Kaif Mia','','2022-09-02 11:39:57.030372','2022-09-02 11:39:57.030429',NULL,0,1,0,0,0),(181,'pbkdf2_sha256$260000$deDEXnIJ500MEGrb0S1v23$tDoPBSEgxBtgM364Tn8qim9w0UBmZWRY9sUmfy23EmA=','','01775262603','Habibur Sek','','2022-09-02 11:42:32.885101','2022-09-02 11:42:32.885159',NULL,0,1,0,0,0),(182,'pbkdf2_sha256$260000$8Xh6Fm5o4awFuPLNAuhejf$512mX6iw7ViixtRemRPw3oZ8mBzJo3o11rtpAGT5a9I=','runack@gmail.com','01703556561','Runack jahan Kanta','Runack jahan Kanta01703556561/pp/Kanta.jpg','2022-09-02 11:45:10.932620','2022-10-01 12:31:41.905713',NULL,0,1,0,0,0),(183,'pbkdf2_sha256$260000$Tgvi1vWWqG6bdtSAZCQdZC$P7QsMZeaATOi9C3QtXs12bIEVQYY6W8AQ/HuulrnBaE=','neela@gmail.com','01788404961','Rownak jahan Neela','Rownanak jahan Neela01788404961/pp/NEELA.jpg','2022-09-02 11:47:33.563992','2022-09-29 11:14:41.938930',NULL,0,1,0,0,0),(184,'pbkdf2_sha256$260000$cXHAIPWtl78E5F8W97PwXL$H974bnUFDqn2OJ2IZl/e+QwxTkQ2pey+k5s+DWipzHQ=','','01608149434','Dilruba Hasan Snaha','','2022-09-02 11:49:59.632432','2022-09-02 11:49:59.632510',NULL,0,1,0,0,0),(185,'pbkdf2_sha256$260000$GD7avLoF1VYrTcxDgATVSW$/tkm8wTl2c5rhgV2jEi1XFAB3qCGk6KpkJlR3+4/hxg=','','01842082237','Md Tawhidur Rahman','','2022-09-02 11:52:19.595474','2022-09-18 19:19:22.608777',NULL,0,1,0,0,0),(186,'pbkdf2_sha256$260000$OnGnNI8yqfhRIQ8Has6uda$KHTWg4K4jYLuudUxYGG3cj7j3lhI5uVpOZgyC87o6EE=','Shornaeasmin7@Gmail.Com','01830994697','Alifa Akter Subarna','','2022-09-15 13:22:36.239921','2022-09-18 19:21:12.514805',NULL,0,1,0,0,0),(191,'pbkdf2_sha256$260000$waDfkOJqmG5Gys9PNJ5oaM$VgbjfxZvXvMveaWr3CvXENWnJEttaIButpDja9ZBUUg=','','01963326488','roodro raz Poubon','','2022-09-24 17:24:45.593705','2022-09-24 17:24:45.593770',NULL,0,1,0,0,0),(192,'pbkdf2_sha256$260000$5I3tYGT9HQdkYiUYv5quM9$J7qrF0HK8L7nXyUb4CbI73k0DjZGl4OX9c1tVnwD/XM=','','01741304035','sadia Hossain','','2022-09-24 17:33:20.560709','2022-09-24 17:33:20.560776',NULL,0,1,0,0,0),(193,'pbkdf2_sha256$260000$6oyBXpVxSELWIMrwXIiQ8L$LbCDRA6gL6hQlHF7M73I5uJVYRegMGdR4AlQ2FWyxAE=','','01886883900','provati Nur','','2022-09-24 18:17:39.676653','2022-09-24 18:18:09.272110',NULL,0,1,0,0,0),(194,'pbkdf2_sha256$260000$OwZrrOaIrM3onFWB59jyz1$bRNJdKzmufXdtgFThF67G+ZciPntara3vTkmzhVHRsI=','','01768520808','Mahidi Rahman','','2022-09-24 18:21:41.390088','2022-09-24 18:21:41.390164',NULL,0,1,0,0,0),(195,'pbkdf2_sha256$260000$dPbMyEryCbDPMFOx9uazWk$m0YuOZQbVSoFwxki7XrIeYfBClkLY4Bft4hocouMq5s=','','01882455680','sroboni Khan','','2022-09-24 18:23:46.671163','2022-09-24 18:23:46.671228',NULL,0,1,0,0,0),(196,'pbkdf2_sha256$260000$cNdI5qNA104axDwmUwRfbf$3gq7Js6AQ20zGE5wG/TxrdZf+Mz8eEaU3lKOzuKjPV8=','','01764253880','Ayesha sSiddikia','','2022-09-24 18:25:29.382101','2022-09-24 18:25:29.382163',NULL,0,1,0,0,0),(197,'pbkdf2_sha256$260000$8luPKha8EqmhyH65NCuFTd$xqtu6rfBhh1m1k6wHNhCpRAFkYD4dUYlw3Ep+SOzo7w=','','01744397357','Abu Bakkar Siddik','','2022-09-24 18:27:59.004347','2022-09-24 18:27:59.004430',NULL,0,1,0,0,0),(198,'pbkdf2_sha256$260000$Z2CA4sUjzBWgNvH37Dtn3h$AW9z+Z/mgPqo0wMyEgBo58Zwi3IgujGYyesbywxb/zA=','','01785800190','Mehedi Hasan','','2022-09-24 18:29:52.567387','2022-09-24 18:29:52.567453',NULL,0,1,0,0,0),(199,'pbkdf2_sha256$260000$11tssY664TosFdX6RB8JRa$x5EH+1C3S050EjNfmZ6yp57oRG+1SYovYBJNW03b4AU=','','01308928808','Sourov Kumar Saha','','2022-09-24 18:32:04.946406','2022-09-24 18:32:04.946473',NULL,0,1,0,0,0),(200,'pbkdf2_sha256$260000$cj9L5kMiQPWLNvPhqFByVL$6zqydIj77UJSv75HNhVyn4Ki/BV8n8UsjFpzx4D4VJc=','','01726525558','Mahmud Hasan','','2022-09-24 18:33:58.940322','2022-09-24 18:33:58.940389',NULL,0,1,0,0,0),(201,'pbkdf2_sha256$260000$E7MSwk0XaCIkeRue1CrrH5$gRbOaxMiIW71a51gkUR+cHKlutAsLsKNrOMWrWEAQBo=','','01748561989','Zihad Sheikh','','2022-09-24 18:38:21.446601','2022-09-24 18:38:21.446669',NULL,0,1,0,0,0),(202,'pbkdf2_sha256$260000$XDBJ8UZj5s7vXgACciYaXz$A1PoAEGNEuEWyanenZrH0uaIs+/V8RxcIcrC+PVDTGI=','','01738225504','Urmi Akter','','2022-09-24 18:40:31.996361','2022-09-24 18:40:31.996431',NULL,0,1,0,0,0),(203,'pbkdf2_sha256$260000$Opo8CVhDaqQXVuZhwgHrhj$ZMc32gHRXwptN3Ul28gRZsTaV6pGWK+G260t54E0f0Y=','','01843676573','Nazmul Hassan Ratul','','2022-09-24 18:42:35.978712','2022-09-24 18:42:35.978802',NULL,0,1,0,0,0),(204,'pbkdf2_sha256$260000$FPM5Xk6euhnB7D9WdBZ2mS$2bWkAlL9w7jXA8eqT9XQiZx+Ir2/5LkwdFmSaQNTFXM=','shanty@gmail.com','01922271248','Shanty Akter','Shanty Akter01922271248/pp/shanti.jpg','2022-09-24 18:49:02.510531','2022-09-29 11:39:39.984527',NULL,0,1,0,0,0),(205,'pbkdf2_sha256$260000$4Vj4CLjXkW6IAVdleEiDvF$shNE6ztSb38FMKktGZ0k+j1xnX+/RsrH2qwJpYdZm0s=','','01914378838','Mst. Tonni Akhter','','2022-09-24 18:51:23.957165','2022-09-24 18:51:23.957239',NULL,0,1,0,0,0),(206,'pbkdf2_sha256$260000$5OVM4K5kbSPmPmSoIuH58f$CH5e5ekvcqS1QgW15pJ+5up1H6KFRiqc3VeU78gHZbw=','','01642176830','Sayema Alam','','2022-09-24 18:53:34.930772','2022-09-24 18:53:34.930844',NULL,0,1,0,0,0),(207,'pbkdf2_sha256$260000$eIkynzOO5FmBfDWoABJ7KS$hD5IzDqxodQ/74/9+/aGA/DllVsNmAI6nkErbswqmOI=','','01708779787','fatema akther','','2022-09-24 18:58:59.783110','2022-09-24 18:58:59.783187',NULL,0,1,0,0,0),(208,'pbkdf2_sha256$260000$i8PdcqgMJgsgmRERRNwakr$eheWnTuw7HPLR4kSAA2ug3TiTQ/v9ys+uBbWnzWy8WA=','','01950860893','Sumaya Haydar','','2022-09-24 19:03:21.176601','2022-09-24 19:03:21.176671',NULL,0,1,0,0,0),(209,'pbkdf2_sha256$260000$yQWhOwVJk3W6eRAUv1LosX$RJt2Wj1QGFeCp0D7kuvmcOYU69eQlTlMrbrBVEte37E=','','01920301100','Zeba Fariha Sadia','','2022-09-24 19:05:44.426073','2022-09-24 19:05:44.426142',NULL,0,1,0,0,0),(210,'pbkdf2_sha256$260000$ICLUOKr1D3RrbkyT7R2GfT$wkU+BJ1D/bO6Woz+Rurp2mYwbZbOu7ExMll77akvGCU=','','01682001698','Md. Romzan','','2022-09-24 19:09:01.685390','2022-09-24 19:09:01.685471',NULL,0,1,0,0,0),(211,'pbkdf2_sha256$260000$klUVaX5ca2qT0HCag4JSlX$60T64KWS9BdZEvWJkup9TAzVMTfYi9dS/KaJ+xFuRpo=','sinthia@gmail.com','01740665909','Sinthia Binte Shiraj','Sinthia Binte Shiraj01740665909/pp/sinthia.jpg','2022-09-24 19:15:04.055142','2022-09-29 10:43:44.708367',NULL,0,1,0,0,0),(212,'pbkdf2_sha256$260000$aSMH3A7qYev4HFaHCI80te$8fShuBqcd6PVY9mZ/wRJsOo+K1cfACWw1mn9SjbSxmI=','','01741319090','khadija Akter Eti','','2022-09-24 19:19:38.786564','2022-09-24 19:19:38.786631',NULL,0,1,0,0,0),(213,'pbkdf2_sha256$260000$kOa5iFFCPc8FfofA8HBVTZ$7l4htRFmFVRxtoC0ERwiSYxehcx4Yn249AjbUakuiTs=','','01318435897','Ratul Khan','','2022-09-24 19:22:21.825269','2022-09-24 19:22:21.825333',NULL,0,1,0,0,0),(214,'pbkdf2_sha256$260000$LgE9yQo9vBd9l01aeeN4p1$qBto/5DV4UwGXo1pmxECXUIervHwhug5MIWmnkFbVZw=','SUBORNA@GMAIL.COM','01703934268','Suborna Akther','Suborna Akther01703934268/pp/SUBORNA.jpg','2022-09-24 19:28:14.389491','2022-09-29 11:22:46.493617',NULL,0,1,0,0,0),(215,'pbkdf2_sha256$260000$bG3f9v78cSNyYhcoJrJaaM$AigEe25D8YD4BwXMpjDm1JDgV8FijaHHQNsaI9ZcwWA=','','01646202698','Al Amin Shek','','2022-09-24 19:30:15.307082','2022-09-24 19:30:15.307165',NULL,0,1,0,0,0),(216,'pbkdf2_sha256$260000$JOXgeIF3yZJmi1W5uF45J2$Avs0SjdBTo7SECeS8ys+GJ7hywl5tiLqBNT//IhGcBc=','','01749279855','Nahid Hossen','','2022-09-24 19:33:31.117519','2022-09-24 19:33:31.117589',NULL,0,1,0,0,0),(217,'pbkdf2_sha256$260000$FkpVPAajykbn92a2MOPdZO$8K/8qXW1uD33LbsVKbemImi/6bQ0BaPJk2y541g9UAM=','','01892201718','Shanto Fakir','','2022-09-24 19:35:39.721552','2022-09-24 19:35:39.721616',NULL,0,1,0,0,0),(218,'pbkdf2_sha256$260000$moVVJzkAYNPNmIJPlnYTky$oyW5PGaPqxuFxWs1OQ+L7aNy7fayWIH1vjSyfLRiXDk=','rodshi@gmail.com','01959964819','Ramisha Maliat Rodshi','Ramisha Maliat Rodshi01959964819/pp/Rodsi_rRorWda.jpg','2022-09-24 19:41:52.322287','2022-10-01 12:26:30.690323',NULL,0,1,0,0,0),(219,'pbkdf2_sha256$260000$HSJezINrst5QHHGMESiIS4$UQpnIS6SU6Mc6UMPbpsss4wbfeAbU/lEWTQE6kHdONM=','tonnytbssm@gmail.com','01322583191','Tonny Akter','Tonny Akter01322583191/pp/tonni.jpg','2022-09-24 19:49:08.226691','2022-09-29 12:40:50.065841',NULL,0,1,0,0,0),(220,'pbkdf2_sha256$260000$VoTl54511KXBW9SbMT4nLB$lE+YmAIMQgxoZKARzvkoBzF8utHSOKLQRLzriBObiB4=','','01302638225','md. Nojrul Shik','','2022-09-24 19:51:13.945811','2022-09-24 19:51:13.945882',NULL,0,1,0,0,0),(221,'pbkdf2_sha256$260000$t2OdF55FQalsrYG2uQrmzC$eH5EgyJTebu4unzCMPAEhN+H0Q4MUQEIv4s8cId1Ulo=','','01319622801','Mahfiz Ahammed','','2022-09-24 19:53:04.759692','2022-09-24 19:53:04.759757',NULL,0,1,0,0,0),(222,'pbkdf2_sha256$260000$rjQKrn2YUNIQsixdTg5eyM$TFJFfS7EQBt1aqyux2m/cfbwYFdrI3HcgoJTL4ogCp8=','nasrin@gmail.com','01794119832','Nasrin Akter','Nasrin Akter01794119832/pp/Nasrin_akter_9YgIrAo.jpg','2022-09-25 09:20:22.704296','2022-09-29 12:25:08.976623',NULL,0,1,0,0,0),(223,'pbkdf2_sha256$260000$NGXmMyIKzx5uB2JFbLSnnB$aQxiBhZqhek1Vg7z0Iu9zb2nTQMXjRkn3ZkFZPXu7X4=','','01840896053','Orisha Khan Brishty','','2022-09-25 09:30:05.143486','2022-09-25 09:30:05.143557',NULL,0,1,0,0,0),(224,'pbkdf2_sha256$260000$E2kXLQEuxnfYY0qOwUuYXX$oiWTQzR4PUbABZRnhmdL1rX4MrurymcmUWwo/fVENk4=','','00','Any Akter','','2022-09-25 09:42:36.974074','2022-09-25 09:42:36.974141',NULL,0,1,0,0,0),(225,'pbkdf2_sha256$260000$iBL9KgJ8cFCZTdntftJirz$S9BVvcT+i3mjkD35x5f4O9EwqnJXTj4m5MnGqOXARDM=','shohel@gmail.com','01608728068','Md Shohal Rana','Md Shohal Rana01608728068/pp/Sohel_Rana_X9Wvg1f.jpg','2022-09-25 09:49:07.204626','2022-10-01 14:00:33.474636',NULL,0,1,0,0,0),(226,'pbkdf2_sha256$260000$0H0Dprft3nHpnkfI9H0Gf5$0i9QyeVCrLdldjFlvXGuEZKGWRVQhq1Mso45LPVzifk=','','01789815843','Muhammad','','2022-09-25 09:51:31.109683','2022-09-25 09:51:31.109752',NULL,0,1,0,0,0),(227,'pbkdf2_sha256$260000$lZphGsbyhRslGPivqsN1B9$enYhNfCSCkNjXZoOeqsJf59TuHzFJPkYa+btRCVX1+8=','','01818640583','Priyanka Biswas','','2022-09-25 09:57:13.537531','2022-09-25 09:57:13.537598',NULL,0,1,0,0,0),(228,'pbkdf2_sha256$260000$VHxAaycK880LjQPMQ5RSEA$DOtEcdzCbkgZbsmSluajl7pKRf1sXXvdwKk4PNa8x4A=','','01742070431','Charu Chinmoyee Nayrita','','2022-09-25 10:00:39.896983','2022-09-25 10:00:39.897064',NULL,0,1,0,0,0),(229,'pbkdf2_sha256$260000$1BNrlbBZt8h9skCJiIhdRK$D3AZcmUdgE2MWOPe24hxdl1S5/RZqLZwCCwENgi+ovA=','SHAMIMN@GMIAL.COM','01728392098','Md. Shamim Hossain','Md. Shamim Hossain01728392098/pp/shamim_hossen.jpg','2022-09-25 10:04:16.043559','2022-09-29 11:04:52.016183',NULL,0,1,0,0,0),(230,'pbkdf2_sha256$260000$uy7GBguQDn9iizcfly9Rf3$E9erGrf1MEykog7Ezmc+/vdrnNtrwl951N/vgK6SFK0=','','01317570248','Samia Akhter','','2022-09-25 10:15:55.899593','2022-09-25 10:15:55.899662',NULL,0,1,0,0,0),(231,'pbkdf2_sha256$260000$cmXnRIBc2hdYFHVcmJEGur$4N68aqOrxUAUuz/+GxgExS5l3EEYI1LZ3k+NgHjcCfw=','','01787495989','Amatullah Sadika','','2022-09-25 10:21:51.920321','2022-09-25 10:21:51.920386',NULL,0,1,0,0,0),(232,'pbkdf2_sha256$260000$EhWdXN7HOiHwkgT5B0Hlx5$IUido/PgRaE2Jpnod+1yxaene3wCR27ht4F9yM9ZzQc=','','01718839842','Andit','','2022-09-25 10:24:46.830542','2022-09-25 10:24:46.830608',NULL,0,1,0,0,0),(233,'pbkdf2_sha256$260000$qLsxe6GxMhTIb7aksFldZb$KRSiwkdFsz/2IrAXQY/mRuwKoAKuK5qv0XCECzrMQGM=','','01515200915','Eme Akter Adiba','','2022-09-25 10:30:33.733703','2022-09-25 10:30:33.733792',NULL,0,1,0,0,0),(234,'pbkdf2_sha256$260000$043uC58ipWKi5Zt3j4pqJC$QmNm3/45DcZ5ahyI+VzbiydpoAE5uxwuge4RyX/7RAM=','suraiya@gmail.com','01784241758','shuraia','shuraia01784241758/pp/suraiya.jpg','2022-09-25 10:32:06.449153','2022-09-29 10:26:37.867767',NULL,0,1,0,0,0),(235,'pbkdf2_sha256$260000$89r5qNbZMhAM0KhTRB8iPm$kXh1rgW/gQfhCyG9havIx2wUSt3cnSsLqkioMkONNDM=','','01768319507','Taquwa Zaman Kakon','','2022-09-25 10:37:11.896105','2022-09-25 10:37:11.896175',NULL,0,1,0,0,0),(236,'pbkdf2_sha256$260000$d2j2MPuQtWPqhZTf8qYDtV$IuLEGngkjbhGcDZG/rMrAO2S1qvwQO0Fmi3HA8bKA2g=','','01878810471','Antor Biswas','','2022-09-25 10:40:08.823109','2022-09-25 10:40:08.823189',NULL,0,1,0,0,0),(237,'pbkdf2_sha256$260000$YljUIqDawQQc1SaP0GGwFP$IYz71lwqCibZu0WW/yW+ZZ9hglhYAXAKG+wc2r78GVE=','','01729390530','Fatema Akhter','','2022-09-25 10:42:15.853015','2022-09-25 10:42:15.853082',NULL,0,1,0,0,0),(238,'pbkdf2_sha256$260000$Xd9dOBFLqGtak5Er8IEpoD$v6yd6FVeiRjUXd0sxw/ryvI6nsDkNe7pa7WOFwmTzFo=','','01322391264','Suraya Rashid Jeba','','2022-09-25 10:43:23.925950','2022-09-25 10:43:23.926018',NULL,0,1,0,0,0),(239,'pbkdf2_sha256$260000$7ES2BO6GaXdiTw6IE4o7jZ$zxOoB7yc0yhSvZI5jsm4sz/Nu73uTTno0N5bWIE1MBA=','sanjida@GMAIL.COM','01303706338','Sanzida Islam','Sanzida Islam01303706338/pp/Sunjida_Islam.jpg','2022-09-25 10:46:18.647561','2022-09-29 10:56:29.414625',NULL,0,1,0,0,0),(240,'pbkdf2_sha256$260000$i5Ag9hTak91e5GJep7Zhuw$OPyLCuyTqFRy4E71Eny6F8iMI9SZC07i1RovLIRu0TE=','SHORMIAKTER@GMAIL.COM','01733126977','Shormi Akter','Shormi Akter01733126977/pp/shormi_akter.jpg','2022-09-25 10:50:49.950909','2022-09-29 11:08:52.457384',NULL,0,1,0,0,0),(241,'pbkdf2_sha256$260000$ZpeWfYJdjZ09b7KYaRZvrp$VSpi6F77pHbwEHPJmtDCZ3AdKxPmFY10wfH3U8sjVcU=','nusrat@gmail.com','01720437001','Mst Nazia Nusrat','Mst Nazia Nusrat01720437001/pp/Nazia.jpg','2022-09-25 11:13:11.023182','2022-09-29 11:34:32.192509',NULL,0,1,0,0,0),(242,'pbkdf2_sha256$260000$IIvMTguqXVgYALJjUbLX6k$qXzJglGOqyn2TdkNSDRYgwGZKrzZ0ErkawA5dnclXF0=','','01718839843','Md Rakib','','2022-09-25 11:31:01.030878','2022-09-25 11:31:01.030949',NULL,0,1,0,0,0),(243,'pbkdf2_sha256$260000$YOsLfklDWyGbOIiM2gwtTK$Y3sohnvCUirKXrnfHsYnN9uWwZG3NrgsThggwZd6jG0=','','01770810227','Ezaz Mahmud','','2022-09-25 12:57:27.550244','2022-09-25 12:57:27.550343',NULL,0,1,0,0,0),(244,'pbkdf2_sha256$260000$WkyBK4yaTAQpwoH4Ps7SO1$XadeGYE3rWRSYF1n7M9qQ8MP0Efzl+WsqnmBd/KQHO0=','','01860819060','Saad Bin Hasan','','2022-09-25 13:00:33.001888','2022-09-25 13:00:33.001964',NULL,0,1,0,0,0),(245,'pbkdf2_sha256$260000$H2B5dzyp3zylkzIoJXTPB9$CC57SQQbX4PVSYvZpht/TESjBCKFQ7fSwchYirq9A8A=','','01822044961','Sakib Matybbar','','2022-09-25 13:26:33.660081','2022-09-25 13:26:33.660148',NULL,0,1,0,0,0),(246,'pbkdf2_sha256$260000$o6rd6RVxeD8x9BIiGy8PkD$c7Ix+vuQGHX6ge8xNHnrmEvdjQ7ig7O0H0dCm7tfdzM=','','01777993109','Musfriat Nasrin Mitu','','2022-09-25 13:37:11.344314','2022-09-25 13:37:11.344380',NULL,0,1,0,0,0),(247,'pbkdf2_sha256$260000$EcXlEajzBUElEGK2c0vDIH$xTrBm3oqLDna4AnW287bQ9ORP80OyQ3cTx7TbZVT0BI=','tamanna.binte.emarot.2002@gmail.com','01823958283','Tamanna Binte Emarot','Tamanna Binte Emarot01823958283/pp/Emarot.jpg','2022-09-25 13:42:07.474177','2022-09-29 12:17:09.395307',NULL,0,1,0,0,0),(248,'pbkdf2_sha256$260000$qYhk5ZYBtYpZlHYk8TMjZ4$luRJ5NRk882t0QUpvoyb93SG2cQ0Ujt/c3thUc1Vgxk=','rupa@gmail.com','01722387370','Rupa Akter','Rupa Akter01722387370/pp/Rupa.jpg','2022-09-25 13:48:28.023396','2022-09-29 13:06:08.881576',NULL,0,1,0,0,0),(249,'pbkdf2_sha256$260000$KJxGCtzRwt6U67zTsVk3QB$ripTEj+cte31vvnB88TKl2V3p9zWfvI+u62h5uuIAx0=','','01722088663','Falguni Das Sneha','','2022-09-25 13:52:06.343138','2022-09-25 13:52:06.343212',NULL,0,1,0,0,0),(250,'pbkdf2_sha256$260000$dFGKwudQD2rBjO0OGVZViF$2r5MBkhqHo4taVKEAAegJQ4ONGtlyriHophDXaJLBNk=','','01947186268','Zobaida Azad Sunvi','','2022-09-25 13:53:30.428755','2022-09-25 13:53:30.428825',NULL,0,1,0,0,0),(251,'pbkdf2_sha256$260000$rQM5qosNNlcwF7FBMSI2tX$jQ1KO/Zp8nbJSoSZh1NnZdV4Fo8Sf6TAEdcWulBNYVk=','tasninmariem14@gmail.com','01780183475','Tasnin Mariem','','2022-09-25 13:56:58.050237','2022-09-25 13:56:58.050326',NULL,0,1,0,0,0),(252,'pbkdf2_sha256$260000$z1ySiR3s7ASpImakYsNfxU$wCVB6Vtia7MkLGTfEtP0As1d2yPvhNOuZCf5eLNJ/v0=','','01767707123','Arithro Roy Arnob','','2022-09-25 13:59:51.261306','2022-09-25 13:59:51.261380',NULL,0,1,0,0,0),(253,'pbkdf2_sha256$260000$eFS986R2TeHvXrhAdA7NfB$vEBBJKFuySGf1zRkSueJLNe09wItyiaLnZHwOBK3C+w=','','01308200957','Md Tamim sheik','','2022-09-25 13:59:51.799711','2022-09-25 13:59:51.799779',NULL,0,1,0,0,0),(254,'pbkdf2_sha256$260000$24Xh7bTJRDoza8yDo5Hm8p$+u4TSMlYl8H/ex5qJ+tSRMw0jQ2L7hDmIN3Ts6lvcYo=','','01915937782','Sneha Sarkar','','2022-09-25 14:02:38.255449','2022-09-25 14:02:38.255521',NULL,0,1,0,0,0),(255,'pbkdf2_sha256$260000$ZHuMdRScJLANCpl9n2xNAk$41zPyKGvpSimvdAz9HnurBTA5J3QV5GNSufb6nRDk5A=','','01315013401','Tabassum Moshina','','2022-09-25 14:04:40.841241','2022-09-25 14:04:40.841309',NULL,0,1,0,0,0),(256,'pbkdf2_sha256$260000$aMBdlwl2ySOKnVEA68boop$jMh9PlaXySidIKd9udiLPEVgY8U/gcxfxF0HHtvHwz4=','shahriarrahman443@gmail.com','01776526678','Shahriar Rahman','','2022-09-25 14:05:08.828901','2022-09-25 14:05:08.828971',NULL,0,1,0,0,0),(257,'pbkdf2_sha256$260000$2dbDBevNZcqMAMZwdexikL$rWarQ/8XMOxBlfe4IiwpPmxel3rsirsoscOEgkExjog=','','01745996627','Pijus Uumar Paul','','2022-09-25 14:10:29.043040','2022-09-25 14:10:29.043112',NULL,0,1,0,0,0),(258,'pbkdf2_sha256$260000$1D7PRX9RuMgQXhnyUjOzCp$A/1pR3+1O+jccptkMGQ2WTybbANFbH/KYw2Q/xRH5aQ=','','01791171358','Rana Matubbr','','2022-09-25 14:14:57.018155','2022-09-25 14:14:57.018240',NULL,0,1,0,0,0),(259,'pbkdf2_sha256$260000$QrnAzKZxcO2E7KNIyC4788$xG1hAPPqIVvGMbapXJ9lH3YgBlW0c+ZpJKql7LzE87s=','','01778056767','Chironjib Datta','','2022-09-25 14:18:17.709128','2022-09-25 14:18:17.709198',NULL,0,1,0,0,0),(260,'pbkdf2_sha256$260000$CI29TLjinNBkmK3jycf9Fe$11Mlo9owjNtt26XW1ON3ki3SX1LuzaxsL53IDjLbxak=','','01998734105','MD. Mohidul Islam Mohid','','2022-09-25 14:26:02.914688','2022-09-25 14:26:02.914755',NULL,0,1,0,0,0),(261,'pbkdf2_sha256$260000$YpEskVb4N62ouexiBfWV3g$yJkORDKUbNF6QBFJkRd3oKEv/9ew/BS6uZHDWpTuwvM=','lili@gmail.com','01744816814','Farzana Lili','Farzana Lili01744816814/pp/Farzana.jpg','2022-09-25 14:28:42.785884','2022-09-29 12:00:14.369727',NULL,0,1,0,0,0),(262,'pbkdf2_sha256$260000$kfmMkymx5FvAN8tRH9WXPU$LuxTTilD8OYSXst9zOTKKZ0uRfKZRoTHyp6XhXphEYo=','','01318907406','Farjana Akter Shorna','','2022-09-25 14:32:30.546672','2022-09-25 14:32:30.546740',NULL,0,1,0,0,0),(263,'pbkdf2_sha256$260000$7L4kfigDt2Vk3WIHiQ831N$E5jvthpKeRAlp7mExuHNcs5L8UYeWYym8fdhO8Jk4X4=','','01869054283','Ibrahim Srabon','','2022-09-25 14:35:25.010124','2022-09-25 14:35:25.010191',NULL,0,1,0,0,0),(264,'pbkdf2_sha256$260000$wOSDhntvu4TU0KbXYRT5vt$D6cQP7MyBfSms8LvapJEAnkFRblKePgBjRDkEI/5CpY=','','01304041952','Trisha Akter Toma','','2022-09-25 14:38:54.360766','2022-09-25 14:38:54.360834',NULL,0,1,0,0,0),(265,'pbkdf2_sha256$260000$kXvgAK847gDurplXjDG94u$oMjVnVZ0/Wz6YasdScpLrFCV2+G+pYOAH4/cbztCLtw=','nirobkumarsaha100@gmail.com','01304403870','Nirab Kumar Saha','Nirab Kumar Saha01304403870/pp/nirab_7MPh3AR.bmp','2022-09-25 14:59:40.266653','2022-09-29 16:33:12.271656',NULL,0,1,0,0,0),(266,'pbkdf2_sha256$260000$c1hFwws1QDHXKs23KJC5U0$RpXi8QvAxOnrgxdq1IoBs1w4RoO7WRdSF9FY8dJZ5+g=','','01799098237','Abida Sultana Esha','','2022-09-25 15:02:51.071434','2022-09-25 15:02:51.071502',NULL,0,1,0,0,0),(267,'pbkdf2_sha256$260000$cbym1M6vmLozGTMD65STYr$O7/lfmPk9UJgR9Zol3I8FHaHglBNNLjqkhDxpN6nE3U=','','01322685459','Rukhsana Hossain Sabia','','2022-09-25 15:09:56.782606','2022-09-25 15:09:56.782686',NULL,0,1,0,0,0),(268,'pbkdf2_sha256$260000$MpYgvF8mXUbjPwtQDhurhN$XSsdtHAnlrbQ2uE4haOoJ/o/BWgsL+S7davYc/xv/0s=','','01819910896','Sumaiya Nasrin Juthi','','2022-09-25 15:13:36.419143','2022-09-25 15:13:36.419215',NULL,0,1,0,0,0),(269,'pbkdf2_sha256$260000$kLjWQuGnvkaAY78tKKhcTV$/KTOOxJCpo/i6YNoDna9jnY4G0+ZCc34UMVPwl8B5+M=','the.the.mahmudul9570@gmail.com','01875090368','Mahmudul Hasan','','2022-09-25 15:17:57.808945','2022-09-25 15:17:57.809012',NULL,0,1,0,0,0),(270,'pbkdf2_sha256$260000$ZmwxxAdQUAGMf1YP8DffCF$OePOmyN2KydGMj/7AvxujAUZiHkJMI+ScWawbFRUOVQ=','mituakter361545@gmail.com','01715690726','Mitu Akter','','2022-09-25 15:27:33.320484','2022-09-25 15:27:33.320550',NULL,0,1,0,0,0),(271,'pbkdf2_sha256$260000$IDWOuiWt8xk5v11XcFzxOK$3xcbjA6FDO2MPJsFGYPSMhWgE45oWxnHeCVtmgNRVqk=','sadiasaroar@gmail.com','01712482209','Sadia Saroar','Sadia Saroar01712482209/pp/Sadia_2.jpg','2022-09-25 15:32:27.644887','2022-09-29 17:34:11.087131',NULL,0,1,0,0,0),(272,'pbkdf2_sha256$260000$kG2DlwcecAgwnLPAimXtst$c1i2/1bReWlkikxhDgxEd+Bjwjggee9duykAT1f3Rc8=','','01825641616','Nishat Tasnim Bornali','','2022-09-25 15:35:28.157792','2022-09-25 15:35:28.157858',NULL,0,1,0,0,0),(273,'pbkdf2_sha256$260000$XRREw8S8UZeGTFsZkmls8U$+CUAyD9b0P5WUgLEzqWxp4oyTLs7Fe5F99eAV45wFyI=','','01718258954','Parvej','','2022-09-25 15:41:03.102123','2022-09-25 15:41:03.102190',NULL,0,1,0,0,0),(274,'pbkdf2_sha256$260000$IUwOjxbnXXV7AIskFPKAGi$MyhRfcAeBBrSP+ix6C+xgoBPxDls/hKN0lVK1bvXxA4=','sadia2@gmail.com','01784561704','Mst. Sadia islam','Mst. Sadia islam01784561704/pp/sadia_islam.bmp','2022-09-25 15:50:06.141474','2022-09-30 10:23:19.516374',NULL,0,1,0,0,0),(275,'pbkdf2_sha256$260000$GqlgwRlhBtafd1JAO0cdvj$Dv6JzzOfxzYdKAq9JXGgXirVI5TZha2u8n5QYj3CVCc=','','01724490848','Toyaba Rahman Tonni','','2022-09-25 15:53:41.301016','2022-09-25 15:53:41.301081',NULL,0,1,0,0,0),(276,'pbkdf2_sha256$260000$SxuVTl1R0pmKH5mcxiUmEC$3rSp0BOO6PcVyy9dM7HPPMvx/165b2gPHB/QQMp/RNk=','azampar66@gmail.com','01307077067','Samira Azam','','2022-09-25 16:16:24.971851','2022-09-25 16:16:24.971919',NULL,0,1,0,0,0),(278,'pbkdf2_sha256$260000$bBo2MGfHA2ct0fSJ2wgj03$ezJij/o1vf5FpBFJ1rB19Os6/G4/pW+HjDxjjtX5zgI=','navanaesti@gmail.com','01721271929','Navana Islam Eshty','Navana Islam Eshty01721271929/pp/nAVANA_ESTY.jpg','2022-09-26 15:05:34.048795','2022-09-28 11:57:15.737770',NULL,0,1,0,0,0),(279,'pbkdf2_sha256$260000$5sJhqjaAU09g9OvZqxEnHR$LB2JEUc3dkYnSnKDBavjIJEOYSbXUMaaG9RuQFOS0DU=','nnc1477@gmail.com','01709367826','Md.Nuruzzaman Rony','Md.Nuruzzaman Rony01709367826/pp/Untitled-1_copy.jpg','2022-09-26 17:38:02.793653','2022-09-28 10:58:41.454601',NULL,0,1,0,0,0),(280,'pbkdf2_sha256$260000$wdj2Kq6CQLE3c63hI2cCN7$Q//jIZM+dqwHQNqKfemHtqlZBNdJwxSIYo/EUBxenR8=','','01716403259','Nafisa Nahin Ritu','','2022-09-28 14:47:03.659383','2022-09-28 14:47:03.659452',NULL,0,1,0,0,0),(281,'pbkdf2_sha256$260000$bn5vtHUGJhNH9hIq766sm6$6v++FVSSR5mU7JwqA8PFvrpk0HuwCqjACYYwKqzCZUY=','','01716803900','Puza Rani Sarker','','2022-09-28 14:50:07.312340','2022-09-28 14:50:07.312407',NULL,0,1,0,0,0),(282,'pbkdf2_sha256$260000$GGp7YCfiPO8YJllpkdDaC2$RaW6eAFLIN3YO61pMKJTQV8/yHD35utGsht4uqLhl/o=','','01303650383','Israt Zarin','','2022-09-28 15:05:02.755288','2022-09-28 15:05:02.755356',NULL,0,1,0,0,0),(283,'pbkdf2_sha256$260000$4peQEE7TxuEfozvbH4SrXV$rhpwGzwXJVhU1JIzWsWMK7o6UuLp8VNueuomF6lz7HM=','omor@gmail.com','01609576515','Mir Sadikul Omar','Mir Sadikul Omar01609576515/pp/Mir_SadikuL_Omor.jpg','2022-09-28 15:08:44.819517','2022-09-30 17:42:06.509475',NULL,0,1,0,0,0),(284,'pbkdf2_sha256$260000$NkWoELjL7gj7O3lxBvh1Ay$3Sj67Hn8VuYZSy6hmtdDjYy0aG3k/Vd/88rGzI8fQek=','','01615478557','Tonni Akter','','2022-09-28 15:11:36.145569','2022-09-28 15:11:36.145638',NULL,0,1,0,0,0),(285,'pbkdf2_sha256$260000$aKWkJ3T8Vvje46VT749XnF$pz6OOMVZR3B6DCr+EG8xD/x8RpK6ni6Bdei4tPvAh9E=','','01883296094','Hasibul Shikdar','','2022-09-28 15:30:15.081799','2022-09-28 15:30:15.081870',NULL,0,1,0,0,0),(286,'pbkdf2_sha256$260000$qXMe57HJCa3sxdR44mAfFl$8dVhQKwCI2nn5Cjz81jcZXJ8Mr+VkiXsZUQ2AdjZ3GY=','taniyasiddika@gmail.com','01991154189','Tania Siddika Soaa','Tania Siddika Soaa01991154189/pp/tania_siddika.jpg','2022-09-28 15:34:38.147558','2022-09-29 16:38:45.763972',NULL,0,1,0,0,0),(287,'pbkdf2_sha256$260000$LPzTU4lDoBva0Lg84Y28VF$rbCioxiephKlNDdH3XyHofiEZ2j3EdFFXDrXEn55fuo=','','01858873898','Safrina Akter Trisha','','2022-09-28 15:38:05.047651','2022-09-28 15:38:05.047728',NULL,0,1,0,0,0),(288,'pbkdf2_sha256$260000$nOLHFxXyO4KPIME3i7rJRi$w9n3mjmdpwPzAiAhZM145ldZd2pEWVDHPE8YgqLRbl8=','smmeheran123@gmail.com','01843444714','SM Meheran','','2022-09-28 15:41:30.637924','2022-09-28 15:41:30.637996',NULL,0,1,0,0,0),(289,'pbkdf2_sha256$260000$n7PPxOBmiLFAbTztMFshsG$PVJhTiHq4bJKDGWq6+FzmcDEg3SdyvozXKifLzimoqU=','shahmdmeheraj5@gmail.com','01632681783','S.M. Meheraj','','2022-09-28 15:45:06.517747','2022-09-28 15:45:06.517813',NULL,0,1,0,0,0),(290,'pbkdf2_sha256$260000$rID6BJGiuEesi2LfpPZ7lr$AfzovfCxGgmSGpamAFa1XW2kWqgnm/aoXLK713B/pjE=','mariaakter2004@gmail.com','01747609523','Maria Akter Mim','','2022-09-28 15:48:48.126278','2022-09-28 15:48:48.126348',NULL,0,1,0,0,0),(291,'pbkdf2_sha256$260000$PGFE8Q9B4CUHpZS0gbkWio$X8vp1P7LZp9T/TaamHzvqEZafgL2JbYABce41dzqtiU=','JAHAN2@GMAIL.COM','01753995248','Jahan  Tajbi','Jahan  Tajbi01753995248/pp/JAHAN_TASBI.jpg','2022-09-28 16:04:13.156772','2022-09-29 11:22:04.605451',NULL,0,1,0,0,0),(292,'pbkdf2_sha256$260000$qUYmcuzOZIueehalmAgDre$s9DVW5X558DiWeJHKx1/dnicO4YCJXllf2BPMVqOtes=','riasharahmansreya2002@gmail.com','01734084326','Riasha Rahman Shreya','Riasha Rahman Shreya01734084326/pp/shreya.jpg','2022-09-28 16:11:56.124611','2022-09-29 11:46:03.004819',NULL,0,1,0,0,0),(293,'pbkdf2_sha256$260000$dQfXJT9UMXxLLM9Mgj5Xao$3M+G5xkmEvGIPtdtFL+4t7LTvLsaip7U+kQSwE+uShI=','rituroy@gmail.com','01609888942','Ritu Roy','Ritu Roy01609888942/pp/puja.jpg','2022-09-28 16:16:17.494241','2022-09-29 10:42:53.201663',NULL,0,1,0,0,0),(294,'pbkdf2_sha256$260000$fXPqHnVjpxiXH74UVvqh2O$JINxweDtDTeBV2/ifzSOsr8xG94jEfmvCw2EKb3bWOM=','omita@gmail.com','01753225653','omita Rani Sunghi','omita Rani Sunghi01753225653/pp/aMITA_RANI.jpg','2022-09-28 16:22:21.233168','2022-09-29 11:24:07.801648',NULL,0,1,0,0,0),(295,'pbkdf2_sha256$260000$2SZvXKaHjppIvX45HPWVPH$3esTqQHJy0BZWtnRtkWMHvgXoTGcdOctypUxmVjOVOM=','','01711188333','Rushda Ruquayya','','2022-09-28 16:26:43.686026','2022-09-28 16:26:43.686090',NULL,0,1,0,0,0),(296,'pbkdf2_sha256$260000$iQFB0188OPQUj3OXJKW91H$02vh0XR+JVmD5b2+Z1gwUwu2BdhvPk7skQme5bsyzOw=','islamdalia10@gmail.com','01990651461','Dalia Islam','','2022-09-28 16:32:19.368539','2022-09-28 16:32:19.368609',NULL,0,1,0,0,0),(297,'pbkdf2_sha256$260000$E2d9jGES2zyTTXWpetIAH0$6r5s9Va9681KV3iHvOgMKGIpABYS3B/Cb76ji+buFNY=','oyshi@gmail.com','01832621629','Fariha Tasnim Oyshi','Fariha Tasnim Oyshi01832621629/pp/Oishi.jpg','2022-09-28 16:36:07.667083','2022-09-29 11:51:23.054884',NULL,0,1,0,0,0),(298,'pbkdf2_sha256$260000$NjkI5GUBJQpiaIlvA90Y3D$geiME2yg+157PouIKMR9lFu2CPIJVcc/NIKd9ckxSCg=','TAMANNA@GMAIL.COM','01720937060','Mst Tamanna Sultana','Mst Tamanna Sultana01720937060/pp/tamanna_sultana.jpg','2022-09-28 16:40:14.980539','2022-09-29 11:02:16.853933',NULL,0,1,0,0,0),(299,'pbkdf2_sha256$260000$TAQVuyiYxtxPHZ2cHCuRYd$UOLR7Dhr7+Fk6FXzbdIg7NU/8/f81OuRs+Wv7EQpr84=','','01716463991','Nafisha Nahin Ritu','','2022-09-28 16:47:16.002070','2022-09-28 16:47:16.002141',NULL,0,1,0,0,0),(300,'pbkdf2_sha256$260000$WCeYwphxbnEtMAPJQHDWEY$p52U/64ZcsC3LrJsu1UsntBPW0zT9Z7oKP4QFXy87KM=','nibirislamratul@gmail.com','01790146745','Nibir Islam Ratul','Nibir Islam Ratul01790146745/pp/Nibir_islam_ratul.jpg','2022-09-28 16:52:10.211165','2022-09-29 11:10:01.925010',NULL,0,1,0,0,0),(301,'pbkdf2_sha256$260000$kTRBpyqcITP077yi4qnL7P$u/oObAfcX0ktM8cmn3KTlvCfYb1BsGqlAY8dPeU1U2g=','jarin@gmail.com','01772803638','Jarin Jahan Esha','Jarin Jahan Esha01772803638/pp/Jerin.jpg','2022-09-28 16:57:08.932523','2022-09-29 12:54:40.365878',NULL,0,1,0,0,0),(302,'pbkdf2_sha256$260000$RMo0CrnlGHVlk9e0pff4Ys$SGhy+sm/ILHKrFrj41w+BRcSYfZu2nZK8NrK0HjADMQ=','Nasimns371142@gmail.com','01732379968','MD. Nasim Sheikh','MD. Nasim Sheikh01732379968/pp/yEASIN.jpg','2022-09-28 16:59:52.680879','2022-10-01 12:03:10.887886',NULL,0,1,0,0,0),(303,'pbkdf2_sha256$260000$k40Hx6xwOr7gcNZWl3jUD8$saz95NoHDzd0c070Z8InIbXK9nfWLGdcBnHGgpZ7QiA=','','01779936471','MD. Tawhidur Rahman','','2022-09-28 17:20:04.178553','2022-09-28 17:20:04.178621',NULL,0,1,0,0,0),(304,'pbkdf2_sha256$260000$oPmeuBL09czaNrKoqWLqvy$qX8C7ECduVD27Ao6yr0LYNDRNaJu0hRW8oRgzS43ZZM=','','01633427921','Rawnak Jahan Kanta','','2022-09-28 17:25:21.492900','2022-09-29 09:11:00.130819',NULL,0,1,0,0,0),(305,'pbkdf2_sha256$260000$3MdCUfUYtuHOSHWZXf2eWr$GlS5vzHG1lRsZrticwK+sL1xMebw1BipyXRZuX7WtU8=','RIFAT@GMAIL.COM','01611950929','MD RIFAT HASAN','MD RIFAT HASAN01611950929/pp/rifat.jpg','2022-09-29 10:56:25.454930','2022-09-29 11:03:49.739471',NULL,0,1,0,0,0),(306,'pbkdf2_sha256$260000$eaSZMFN6q3jwtt2Ol2TPCp$4qO9u1TMsBpAK9BHwJDA+8RluAn3tDPoYvhPGxcmY+A=','mddidar221100@gmail.com','01882473939','MD. Didar Hossain','','2022-09-29 11:09:05.503978','2022-09-29 11:09:05.504047',NULL,0,1,0,0,0),(307,'pbkdf2_sha256$260000$ZAhhXF2Z60E9Rpy2bkM1bb$BUlnQb++KG+nx8Gu6wotwVr4NnXUg1qkjjCvtsuxN80=','','01778129469','Syed Mansur Ali Bappi','','2022-09-29 11:12:12.348915','2022-09-29 11:12:12.348982',NULL,0,1,0,0,0),(308,'pbkdf2_sha256$260000$i9CzCaeYVpLQJ5N9pBBCa2$y+Pvv9e+BKDoAJL3njnMv0obMbzpAen8EHgWciI9+p0=','any@gmail.com','01915399912','Any  Akter','Any  Akter01915399912/pp/Any_Ater.jpg','2022-09-29 11:30:21.400070','2022-09-29 11:54:14.191492',NULL,0,1,0,0,0),(309,'pbkdf2_sha256$260000$caU6rSny0wdyXksm0eerXJ$s3u5TumZcYQ2mx7xeM1m9sNz1CS+I6YoZprod3xTvL4=','banna@gmail.com','01736629291','Banna Akter','Banna Akter01736629291/pp/Borna.jpg','2022-09-29 11:43:21.795045','2022-09-29 11:53:19.108145',NULL,0,1,0,0,0),(310,'pbkdf2_sha256$260000$ll4dM1hFByC9akdwRoaJOj$+IpQZdxBge+vkCd7vFi4oLT8uJPFDx7iW7S71LYnQvg=','ayesha@gmail.com','01701847824','Ayesha Akhter Asha','Ayesha Akhter Asha01701847824/pp/ayesha.jpg','2022-09-29 11:44:40.467196','2022-09-29 11:56:10.982109',NULL,0,1,0,0,0),(311,'pbkdf2_sha256$260000$xo4sPHgfSMPI9u6Aa2uGPJ$k1c2M4YqLRBrkpfmVqbppqjSshTW1c21i5NoC7bUG40=','semontiferdous@gmail.com','01744778566','Semonti Ferdous Zisa','Semonti Ferdous Zisa01744778566/pp/SEMONTI_FERDOUS.jpg','2022-09-29 11:47:47.844719','2022-10-01 10:54:41.407466',NULL,0,1,0,0,0),(312,'pbkdf2_sha256$260000$77dC06fRSPvnof9YgOsByR$9F+74mvzuG+dg4i+CyfufhZKtDLDsduj13Bj7nlRsuk=','rejawanaanjuman@gmail.com','01533517777','Rejawana anjuman aisha','Rejawana anjuman aisha01533517777/pp/Rejawna_anjuman.jpg','2022-09-29 16:47:08.858980','2022-09-29 16:47:08.859054',NULL,0,1,0,0,0),(313,'pbkdf2_sha256$260000$phuC9gECuSB3qjEmMOHJQ6$lEvaY+/NE8WvgG5xqkQUwAk2fZVlhmKEQTSf7LAo/p8=','rounaktanisha@gmail.com','01789003269','Rounak Jahan Tanisha','Rounak Jahan Tanisha01789003269/pp/Rounak_Jhahan_tanisha.jpg','2022-09-29 16:56:17.627717','2022-09-29 16:56:17.627848',NULL,0,1,0,0,0),(314,'pbkdf2_sha256$260000$K9MvPpTgTnUmI16j6yKzig$OudE8i9yQzOwMqaPXdDpjJypGAnz1mRd75z/LYPnoH0=','siddikaakter@gmail.com','01307065556','Siddika Akter Liya','Siddika Akter Liya01307065556/pp/Siddika_akter_liya.jpg','2022-09-29 16:59:40.283800','2022-09-29 16:59:40.283874',NULL,0,1,0,0,0),(315,'pbkdf2_sha256$260000$XUF4l1poigm5aK3h9DjtyX$5GuY6A16GG3YChyFpkFRA/VGy3+4hFYfVzHu+3cPF9Y=','nesa18221@gmail.com','01310489359','Meherun Nesa','Meherun Nesa01310489359/pp/Meherun_nesa.jpg','2022-09-29 17:02:49.810839','2022-09-29 17:07:11.929228',NULL,0,1,0,0,0),(316,'pbkdf2_sha256$260000$CPVKWfVj9E7TrAjRIjfKDb$6DErz+f1SZlV6MzKF9VFRZjwLnZcxVWFYGOkgUsT1Gs=','jerinbiba154@gmail.com','01767706707','Jerin Sultana Diba','Jerin Sultana Diba01767706707/pp/Jerin_sultana_diba.jpg','2022-09-29 17:06:44.680929','2022-09-29 17:06:44.681000',NULL,0,1,0,0,0),(317,'pbkdf2_sha256$260000$SibjJqLEdyaWxyWDbhFWAa$z6UrEFFbgum2STv9lPqVPPVOWLeTgi+s/j38UqxTGfE=','karima@gmail.com','01938952940','Karima Akon','Karima Akon01938952940/pp/Karima.jpg','2022-09-30 16:31:13.204493','2022-09-30 16:31:13.204565',NULL,0,1,0,0,0),(318,'pbkdf2_sha256$260000$jAsAh0a2PaV2j8DQDyNTTl$yh1U+KkO7GQrpu/llRTyH8dMXuF+6I3Lt6u4ZwwNKLY=','naoshin@gmail.com','01976865526','Mahzabin Ali Naoshin','Mahzabin Ali Naoshin01976865526/pp/Mahzabin_Ali_Noushin.jpg','2022-09-30 16:33:49.749912','2022-09-30 16:33:49.749981',NULL,0,1,0,0,0),(319,'pbkdf2_sha256$260000$jCGA581PToFahm8Oq5wFbD$etvYRURTAcFy3K/hUjGH14Z+8sF7jn6iOmLCJPji3x8=','nisa@gmail.com','01834267942','Nisa Tabassum','Nisa Tabassum01834267942/pp/Nisa_tabassum.jpg','2022-09-30 16:36:15.818116','2022-09-30 16:36:15.818188',NULL,0,1,0,0,0),(320,'pbkdf2_sha256$260000$VDMgcFMHsD9mQikhU4PlFt$/Z/ce6dx7kkbjH3pUwAjjLpRrueVUUdwaKpwINL8bYI=','riya@gmail.com','01777357974','Atkia Anjum Riya','Atkia Anjum Riya01777357974/pp/Riya.jpg','2022-09-30 16:38:21.181238','2022-09-30 16:38:21.181309',NULL,0,1,0,0,0),(321,'pbkdf2_sha256$260000$469htv9JAzizrXASqlG5DX$TYFuGBwCn8mNeA49YLTOKeaEwXX6bKBnQ0+VnEPv44o=','saharalamia@GMAIL.COM','01309838606','Sahara Khatun Lamia','Sahara Khatun Lamia01309838606/pp/Lamia.jpg','2022-09-30 16:48:56.769314','2022-09-30 16:48:56.769383',NULL,0,1,0,0,0),(322,'pbkdf2_sha256$260000$pPMzxN9OzzvX4TfBkMtAVP$sQ52Lpj05yXVbwjDrD1CrgRnFYhM69Y5FheDDyoHV6M=','sanjidajabinvabna353203@gmail.com','01738919682','sANJIDA JABIN VABNA','sANJIDA JABIN VABNA01738919682/pp/Bhabna.jpg','2022-09-30 17:09:29.823361','2022-09-30 17:09:29.823471',NULL,0,1,0,0,0),(323,'pbkdf2_sha256$260000$Br6MIuT8tIegU1uEKzjrVl$RudiH447aFEKCn6+laNjJr0XZnbh2XlDb+lel62ZU2g=','mainulkabir86@gmail.con','01776617467','Mainul Kabir','','2022-10-01 11:04:41.813889','2022-10-01 11:04:41.813957',NULL,0,1,0,0,0);
/*!40000 ALTER TABLE `account_account` ENABLE KEYS */;
UNLOCK TABLES;

--
-- Table structure for table `account_batch`
--

DROP TABLE IF EXISTS `account_batch`;
/*!40101 SET @saved_cs_client     = @@character_set_client */;
/*!50503 SET character_set_client = utf8mb4 */;
CREATE TABLE `account_batch` (
  `id` bigint NOT NULL AUTO_INCREMENT,
  `name` varchar(100) NOT NULL,
  `fee` decimal(10,2) NOT NULL,
  `image` varchar(100) DEFAULT NULL,
  `description` longtext NOT NULL,
  `discount` decimal(10,2) NOT NULL,
  `created_at` datetime(6) NOT NULL,
  `updated_at` datetime(6) NOT NULL,
  `organization_id` bigint NOT NULL,
  `is_active` tinyint(1) NOT NULL,
  `title` varchar(300) NOT NULL,
  PRIMARY KEY (`id`),
  KEY `account_batch_organization_id_729c2524_fk_account_o` (`organization_id`),
  CONSTRAINT `account_batch_organization_id_729c2524_fk_account_o` FOREIGN KEY (`organization_id`) REFERENCES `account_organization` (`id`)
) ENGINE=InnoDB AUTO_INCREMENT=10 DEFAULT CHARSET=utf8mb3;
/*!40101 SET character_set_client = @saved_cs_client */;

--
-- Dumping data for table `account_batch`
--

LOCK TABLES `account_batch` WRITE;
/*!40000 ALTER TABLE `account_batch` DISABLE KEYS */;
INSERT INTO `account_batch` VALUES (1,'Science-22',15000.00,'','demo description for website',5000.00,'2022-07-25 18:27:47.757286','2022-07-30 19:27:55.942631',1,1,'Science admission batch'),(2,'B-1',17000.00,'',' ',4000.00,'2022-08-02 18:18:55.316351','2022-08-02 18:18:55.316410',2,1,'Arts 1'),(3,'Advance 1st Year',10000.00,'','Advance 1st Year',2000.00,'2022-08-04 15:23:36.419142','2022-08-04 15:24:29.565369',2,1,'Ad 1st (03.30)'),(4,'Advance 2nd Year',0.00,'','Seminar Booking',0.00,'2022-08-06 13:10:00.759182','2022-08-06 13:10:11.592374',2,1,'Advance 2nd Year Seminar'),(5,'Advance Booking-For Admission A Unit',18000.00,'','Science Unit',4000.00,'2022-08-06 17:10:26.378231','2022-08-06 17:15:02.042210',2,1,'Admission A Unit'),(6,'Advance Booking- Admission B Unit',17000.00,'','Humanities',4000.00,'2022-08-06 17:11:48.973357','2022-08-06 17:15:11.223317',2,1,'B Unit'),(7,'Advance Booking - For admission C Unit',18000.00,'','Business Studies',4000.00,'2022-08-06 17:13:19.778478','2022-09-27 23:31:56.809490',2,1,'C Unit'),(9,'HSC ACADEMIC',10000.00,'','HsC Academic \nScience\nHumanities\nBusiness Studies',2000.00,'2022-09-24 17:09:20.340904','2022-09-24 17:25:27.336899',2,1,'ACADEMIC');
/*!40000 ALTER TABLE `account_batch` ENABLE KEYS */;
UNLOCK TABLES;

--
-- Table structure for table `account_organization`
--

DROP TABLE IF EXISTS `account_organization`;
/*!40101 SET @saved_cs_client     = @@character_set_client */;
/*!50503 SET character_set_client = utf8mb4 */;
CREATE TABLE `account_organization` (
  `id` bigint NOT NULL AUTO_INCREMENT,
  `organization_name` varchar(150) NOT NULL,
  `address` varchar(150) DEFAULT NULL,
  `created_at` datetime(6) NOT NULL,
  `updated_at` datetime(6) NOT NULL,
  `account_id` bigint NOT NULL,
  PRIMARY KEY (`id`),
  UNIQUE KEY `organization_name` (`organization_name`),
  UNIQUE KEY `account_id` (`account_id`),
  CONSTRAINT `account_organization_account_id_201d42b8_fk_account_account_id` FOREIGN KEY (`account_id`) REFERENCES `account_account` (`id`)
) ENGINE=InnoDB AUTO_INCREMENT=3 DEFAULT CHARSET=utf8mb3;
/*!40101 SET character_set_client = @saved_cs_client */;

--
-- Dumping data for table `account_organization`
--

LOCK TABLES `account_organization` WRITE;
/*!40000 ALTER TABLE `account_organization` DISABLE KEYS */;
INSERT INTO `account_organization` VALUES (1,'Demo Coaching','BD','2022-07-25 18:13:00.426041','2022-07-25 18:13:00.426085',2),(2,'Tusher\'s Care','Jhiltuli,Faridpur','2022-07-31 11:21:04.625062','2022-07-31 11:22:14.627010',9);
/*!40000 ALTER TABLE `account_organization` ENABLE KEYS */;
UNLOCK TABLES;

--
-- Table structure for table `account_staff`
--

DROP TABLE IF EXISTS `account_staff`;
/*!40101 SET @saved_cs_client     = @@character_set_client */;
/*!50503 SET character_set_client = utf8mb4 */;
CREATE TABLE `account_staff` (
  `id` bigint NOT NULL AUTO_INCREMENT,
  `balance` decimal(10,2) NOT NULL,
  `address` varchar(15) DEFAULT NULL,
  `created_at` datetime(6) NOT NULL,
  `updated_at` datetime(6) NOT NULL,
  `account_id` bigint NOT NULL,
  `organization_id` bigint NOT NULL,
  PRIMARY KEY (`id`),
  UNIQUE KEY `account_id` (`account_id`),
  KEY `account_staff_organization_id_a6bf1661_fk_account_o` (`organization_id`),
  CONSTRAINT `account_staff_account_id_90c89555_fk_account_account_id` FOREIGN KEY (`account_id`) REFERENCES `account_account` (`id`),
  CONSTRAINT `account_staff_organization_id_a6bf1661_fk_account_o` FOREIGN KEY (`organization_id`) REFERENCES `account_organization` (`id`)
) ENGINE=InnoDB AUTO_INCREMENT=3 DEFAULT CHARSET=utf8mb3;
/*!40101 SET character_set_client = @saved_cs_client */;

--
-- Dumping data for table `account_staff`
--

LOCK TABLES `account_staff` WRITE;
/*!40000 ALTER TABLE `account_staff` DISABLE KEYS */;
INSERT INTO `account_staff` VALUES (1,500.00,'BD','2022-07-26 17:53:07.041208','2022-07-30 11:47:04.698442',6,1),(2,0.00,'abc','2022-07-28 18:48:22.963977','2022-07-28 18:48:22.964046',8,1);
/*!40000 ALTER TABLE `account_staff` ENABLE KEYS */;
UNLOCK TABLES;

--
-- Table structure for table `account_student`
--

DROP TABLE IF EXISTS `account_student`;
/*!40101 SET @saved_cs_client     = @@character_set_client */;
/*!50503 SET character_set_client = utf8mb4 */;
CREATE TABLE `account_student` (
  `id` bigint NOT NULL AUTO_INCREMENT,
  `balance` decimal(10,2) NOT NULL,
  `address` varchar(150) DEFAULT NULL,
  `group` varchar(100) DEFAULT NULL,
  `parent_mobile` varchar(15) NOT NULL,
  `college_name` varchar(500) DEFAULT NULL,
  `hsc_group` varchar(50) DEFAULT NULL,
  `hsc_year` varchar(50) DEFAULT NULL,
  `hsc_roll` varchar(100) DEFAULT NULL,
  `hsc_gpa` decimal(5,2) DEFAULT NULL,
  `ssc_group` varchar(50) DEFAULT NULL,
  `ssc_year` varchar(50) DEFAULT NULL,
  `ssc_roll` varchar(100) DEFAULT NULL,
  `ssc_gpa` decimal(5,2) DEFAULT NULL,
  `registration_number` varchar(100) NOT NULL,
  `created_at` datetime(6) NOT NULL,
  `updated_at` datetime(6) NOT NULL,
  `account_id` bigint NOT NULL,
  `batch_id` bigint NOT NULL,
  `organization_id` bigint NOT NULL,
  PRIMARY KEY (`id`),
  UNIQUE KEY `account_id` (`account_id`),
  KEY `account_student_batch_id_008067b5_fk_account_batch_id` (`batch_id`),
  KEY `account_student_organization_id_79bee6a8_fk_account_o` (`organization_id`),
  CONSTRAINT `account_student_account_id_ab37d766_fk_account_account_id` FOREIGN KEY (`account_id`) REFERENCES `account_account` (`id`),
  CONSTRAINT `account_student_batch_id_008067b5_fk_account_batch_id` FOREIGN KEY (`batch_id`) REFERENCES `account_batch` (`id`),
  CONSTRAINT `account_student_organization_id_79bee6a8_fk_account_o` FOREIGN KEY (`organization_id`) REFERENCES `account_organization` (`id`)
) ENGINE=InnoDB AUTO_INCREMENT=314 DEFAULT CHARSET=utf8mb3;
/*!40101 SET character_set_client = @saved_cs_client */;

--
-- Dumping data for table `account_student`
--

LOCK TABLES `account_student` WRITE;
/*!40000 ALTER TABLE `account_student` DISABLE KEYS */;
INSERT INTO `account_student` VALUES (1,-7000.00,'BD','group -1','0175733773',NULL,'Science','2019','638383',5.00,'Science','2017','62727',5.00,'8283939','2022-07-25 18:29:13.448680','2022-07-27 19:20:06.189504',3,1,1),(2,-3500.00,'null','B-1','01718990172',NULL,'Science',NULL,NULL,NULL,'Science',NULL,NULL,NULL,'1510428309','2022-07-26 13:01:30.285375','2022-09-29 09:36:16.750651',4,1,1),(4,-13000.00,'y','Arts','01777736985',NULL,'Commerce','55','66',55.00,'Commerce','5','55',2.00,'56','2022-08-02 18:21:29.797124','2022-08-02 18:21:29.797188',12,2,2),(5,0.00,'hh','Arts','01755966950',NULL,'Science',NULL,'55',5.00,'Science','55','55',66.00,'55','2022-08-02 18:28:17.756961','2022-08-02 18:45:14.549290',13,2,2),(6,-5000.00,'Jheeltuly Faridpur','Ad Bangla+ English','01703494320',NULL,'Arts','00','00',0.00,'Arts','00','00',0.00,'000','2022-08-04 15:27:14.563545','2022-08-04 15:30:00.751437',15,3,2),(7,-8000.00,'Alipur Faridpur','Arts','01537277592',NULL,'Arts','00','00',0.00,'Arts','00','00',0.00,'00','2022-08-04 17:31:20.654509','2022-08-04 17:31:20.654606',16,3,2),(8,-8000.00,'Durjonkhar Dangi',NULL,'01779189895',NULL,'Science',NULL,NULL,NULL,'Science','2021','160241',5.00,'1810596442','2022-08-06 12:52:41.332028','2022-08-06 12:52:41.332084',17,3,2),(9,-8000.00,'Momin Khar hat, Faridpur',NULL,'01799334174',NULL,'Science',NULL,NULL,NULL,'Science','2021','160243',4.72,'000','2022-08-06 12:59:42.035965','2022-08-06 12:59:42.036020',18,3,2),(10,-8000.00,'Mominkhar hat,Faridpur','ad','01786284805',NULL,'Science','2022',NULL,NULL,'Science','2021','160240',5.00,'00','2022-08-06 13:03:44.844882','2022-08-06 13:03:44.844934',19,3,2),(11,-8000.00,'Gopalpur, Tepakhola, Faridpur','00','01713365754',NULL,'Science','2023',NULL,NULL,'Science','2021','108027',4.72,'00','2022-08-06 13:06:54.101483','2022-08-06 13:06:54.101550',20,3,2),(12,-4000.00,'1no habeli gopalpur,faridpur','Advance','01768427926',NULL,'Commerace','00','00',0.00,'Commerace','2021','607121',4.61,'1810954781','2022-08-06 13:10:56.843892','2022-09-04 11:04:17.024329',21,3,2),(13,0.00,'Onathermor','Seminar 2nd year','01780206882',NULL,'Science','2022','204643',NULL,'Science','2020','162244',5.00,'00','2022-08-06 13:14:13.098662','2022-08-06 13:14:13.098766',22,4,2),(14,-8000.00,'1 NO Habili Gopalpur, Faridpur','00','01767414940',NULL,'Arts','00',NULL,NULL,'Arts','2021','372592',4.78,'1810597699','2022-08-06 13:15:10.064536','2022-08-06 13:15:10.064708',23,3,2),(15,0.00,'Singpara Faridpur','Seminar 2nd year','01736276716',NULL,'Science','2022','204749',NULL,'Science','2020','178196',5.00,'00','2022-08-06 13:19:39.893981','2022-08-06 13:19:39.894048',24,4,2),(16,0.00,'Sadar pur, Faridpur','Seminar 2nd year','01714665906',NULL,'Science','2022','00',NULL,'Science','2020','162380',5.00,'1710405551','2022-08-06 13:22:36.896650','2022-08-06 13:22:36.896718',25,4,2),(17,-8000.00,'Faridpur','00','01761523739',NULL,'Science','2023','00',0.00,'Science','2021','00',5.00,'000','2022-08-06 13:24:44.320146','2022-08-06 13:24:44.320194',26,3,2),(18,0.00,'Baliakandi,Faridpur','Seminar 2nd year','01771582488',NULL,'Science','2022','204586',NULL,'Science','2020','174722',5.00,'00','2022-08-06 13:26:45.246699','2022-08-06 13:26:45.246812',27,4,2),(19,-8000.00,'South jhiltuli Faridpur','00','01407511422',NULL,'Arts','2023','00',0.00,'Arts','2021','00',5.00,'00','2022-08-06 13:29:21.916759','2022-08-06 13:29:21.916874',28,3,2),(20,0.00,'jhiltuli, Faridpur','Seminar 2nd year','00',NULL,'Science','2022','00',NULL,'Science','2020','161721',5.00,'00','2022-08-06 13:29:46.062028','2022-08-06 13:29:46.062079',29,4,2),(21,0.00,'Jhiltuli, Faridpur','Seminar 2nd year','01717822872',NULL,'Science','2020',NULL,NULL,'Science','2020','161694',5.00,'171040414175','2022-08-06 13:32:01.997246','2022-08-06 13:32:01.997303',30,4,2),(22,-8000.00,'Tita, Alfadanga, Faridpur,  Faridpur','00','01922422359',NULL,'Arts','2023',NULL,NULL,'Science','2021','173850',4.78,'1763850','2022-08-06 13:32:50.765168','2022-08-06 13:32:50.765216',31,3,2),(23,-8000.00,'West Garakhula,  Modi khaki Faridpur','00','01712703496',NULL,'Science','00','00',0.00,'Science','2020','00',5.00,'00','2022-08-06 13:37:08.436124','2022-08-06 13:37:08.436173',32,3,2),(24,-8000.00,'Farifpur,Shodor, Faridpur','00','01798485601',NULL,'Science','2023','00',0.00,'Science','2021','00',5.00,'1810551558','2022-08-06 13:39:50.937259','2022-08-06 13:39:50.937304',33,3,2),(25,0.00,'Chorkomlapur, Faridpur','Seminar','01764092609',NULL,'Science','00',NULL,NULL,'Arts','00','00',4.78,'00','2022-08-06 13:52:40.942642','2022-08-06 13:52:40.942693',34,4,2),(26,-8000.00,'Alfadanga, Faridpur','00','01746929401',NULL,'Science','2023','00',0.00,'Arts','2021','159136',4.78,'1810572737','2022-08-06 13:52:56.158848','2022-08-06 13:52:56.158905',35,3,2),(27,0.00,'1no habeli Gopalpur','Seminar 2nd year','00',NULL,'Science','2022','00',NULL,'Science','2020',NULL,4.83,'00','2022-08-06 13:55:33.664188','2022-08-06 13:55:33.664235',36,4,2),(28,-8000.00,'Madaripur, Shibchor','00','01754375262',NULL,'Arts','2023','00',0.00,'Science','2021','00',4.61,'1810552754','2022-08-06 13:55:39.489632','2022-08-06 13:55:39.489687',37,3,2),(29,-8000.00,'Jail tull','advance Fast year','01402048382',NULL,'Arts','2023','00',0.00,'Arts','2021','422272',4.11,'1810560456','2022-08-06 14:00:14.720078','2022-08-06 14:00:14.720188',38,3,2),(30,0.00,'Guho lokkhipur, Faridpur','Seminar 2nd year','01792029997',NULL,'Arts','2022','203615',NULL,'Science','2020','177902',4.94,'1710325417','2022-08-06 14:01:35.751437','2022-08-06 14:01:35.751503',39,4,2),(31,0.00,'Jhiltuli, Faridpur','Seminar 2nd year','01753987096',NULL,'Science','2022','00',0.00,'Science','2020','161671',5.00,'00','2022-08-06 14:07:12.557978','2022-08-06 14:07:12.558026',40,4,2),(32,-8000.00,'Aliabad, Faridpur','Advance','01751975556',NULL,'Arts','00','00',0.00,'Science','2021','22305',4.72,'11','2022-08-06 14:07:33.488301','2022-08-06 14:07:33.488368',41,3,2),(33,0.00,'pion coloni','Seminar 2nd year','00',NULL,'Commerce','2022','00',0.00,'Commerce','2020','617955',4.61,'1710403353','2022-08-06 14:10:02.365411','2022-09-30 11:49:00.923627',42,9,2),(34,-8000.00,'jhil tuli, Faridpur','advance','01716557466',NULL,'Science','2023','00',0.00,'Arts','2021','160761',5.00,'1810518868','2022-08-06 14:11:14.101057','2022-08-06 14:11:14.101123',43,3,2),(35,-8000.00,'Maherpur','Advance','01784757403',NULL,'Science','2023','00',0.00,'Science','2021','00',4.89,'00','2022-08-06 14:14:16.420708','2022-08-06 14:14:16.420775',44,3,2),(36,0.00,'Jhiltuli Faridpur','Seminar 2nd year','01948349981',NULL,'Science','2022','00',NULL,'Science','2020','165933',5.00,'1710377772','2022-08-06 14:15:01.137730','2022-08-06 14:15:01.137803',45,4,2),(37,-8000.00,'Goldangi Faridpur','advance Fast year','01302762606',NULL,'Arts','2023','00',0.00,'Arts','2021','00',3.50,'00','2022-08-06 14:16:58.797087','2022-08-06 14:16:58.797132',46,3,2),(38,-8000.00,'Shovarampur, Faridpur','advance Fast year','01730263304',NULL,'Arts','2023','00',0.00,'Arts','00','00',4.67,'00','2022-08-06 14:19:52.594888','2022-08-06 14:19:52.594994',47,3,2),(39,0.00,'Niltuli, Faridpur','Seminar 2nd year','00',NULL,'Science','2022','00',0.00,'Science','2020','119664',5.00,'00','2022-08-06 14:20:47.979548','2022-08-06 14:20:47.979635',48,4,2),(40,-8000.00,'Boalmari, Faridpur','advance Fast year','01303275299',NULL,'Science','2023','00',0.00,'Arts','2021','00',4.72,'00','2022-08-06 14:23:49.299474','2022-08-06 14:23:49.299565',49,3,2),(41,-8000.00,'Rothkhola,  Faridur','advance Fast year','01716360298',NULL,'Arts','2023','00',0.00,'Science','2021','620179',4.83,'00','2022-08-06 14:26:51.790121','2022-08-06 14:27:34.989995',50,3,2),(42,0.00,'Tepakhola','Seminar 2nd year','00',NULL,'Science','2022','00',0.00,'Science','2020','00',4.83,'00','2022-08-06 14:27:33.323852','2022-08-06 14:27:33.323928',51,4,2),(43,0.00,'South Jhiltuli, Faridpur','Seminar 2nd year','00',NULL,'Science','2022',NULL,NULL,'Science','2020','161781',5.00,'1710414068','2022-08-06 14:29:35.656509','2022-08-06 14:29:35.656585',52,4,2),(44,-8000.00,'Sadarpur, Faridpur','advance Fast year','01783989552',NULL,'Science','2023','00',0.00,'Arts','2021','00',5.00,'00','2022-08-06 14:30:06.371346','2022-08-06 14:30:06.371548',53,3,2),(45,0.00,'Charbhadrasan,Faridpur','Seminar','00',NULL,'Arts','202',NULL,NULL,'Arts','2020','362538',4.61,'00','2022-08-06 14:32:49.946174','2022-08-06 14:32:49.946215',54,4,2),(46,-8000.00,'warlesspara Faridpur','advance Fast year','01740424314',NULL,'Arts','2023','00',0.00,'Science','2021','00',5.00,'00','2022-08-06 14:33:17.586109','2022-08-06 14:33:17.586146',55,3,2),(47,-8000.00,'Jhil Tuli, Faridpur','advance Fast year','01757066715',NULL,'Arts','00','00',0.00,'Science','2021','170106',4.56,'00','2022-08-06 14:36:55.244170','2022-08-06 14:36:55.244276',56,3,2),(48,0.00,'Gerda','Seminar','01320915638',NULL,'Science','2022',NULL,NULL,'Science','2020','162194',4.67,'00','2022-08-06 14:37:33.007538','2022-08-06 14:37:33.007591',57,4,2),(49,0.00,'Shibrampur,Faridpur','Seminar 2nd year','1710413214',NULL,'Science','2022',NULL,NULL,'Science','2020','164444',5.00,'00','2022-08-06 14:43:54.089631','2022-08-06 14:43:54.089682',58,4,2),(50,0.00,'Sadarpur, Faridpur','Seminar 2nd year','00',NULL,'Commerce','2022',NULL,NULL,'Commerce','2020','565850',4.72,'1710366904','2022-08-06 14:48:10.707545','2022-08-06 14:48:10.707593',59,4,2),(51,0.00,'Bongram,Baliakandi,Rajbari','Seminar 2nd year','01936642030',NULL,'Science','00','00',0.00,'Science','2020','00',5.00,'1710346047','2022-08-06 14:53:50.566634','2022-08-06 14:53:50.566673',60,4,2),(52,0.00,'niramoy hospital mor,Faridpur','Seminar 2nd year','01935480203',NULL,'Science','2022',NULL,NULL,'Science','2020','191646',5.00,'1710772618','2022-08-06 14:56:11.056878','2022-08-06 14:56:11.056927',61,4,2),(53,0.00,'Bhanga, Faridpur','Seminar','01736939099',NULL,'Arts','2022',NULL,NULL,'Science','2020',NULL,4.28,'00','2022-08-06 14:58:16.938524','2022-08-06 14:58:16.938569',62,4,2),(54,0.00,'Nagarkanda,Faridpur','Seminar 2nd year','01884989148',NULL,'Science','2022',NULL,NULL,'Science','2020',NULL,5.00,'00','2022-08-06 15:04:00.490942','2022-08-06 15:04:00.490990',63,4,2),(55,0.00,'Goalchamot, Faridpur','Seminar 2nd year','01712309110',NULL,'Science','2022',NULL,NULL,'Science','2020','161737',5.00,'1710413964','2022-08-06 15:10:59.089214','2022-08-06 15:23:24.078242',64,4,2),(56,-8000.00,'west Shampur','advance Fast year','01873712493',NULL,'Arts','2023','00',0.00,'Arts','2021','373999',4.83,'1810591123','2022-08-06 15:18:52.745827','2022-08-06 15:18:52.745883',65,3,2),(57,-8000.00,'jhiltuli, Faridpur','advance Fast year','01733559904',NULL,'Science','2023','00',0.00,'Science','2021','157649',5.00,'00','2022-08-06 15:21:31.600356','2022-08-06 15:21:31.600408',66,3,2),(58,0.00,'Jhiltuli, Faridpur','Seminar 2nd year','01766742962',NULL,'Arts','2022',NULL,NULL,'Science','2020',NULL,4.61,'00','2022-08-06 15:26:08.214670','2022-09-29 11:16:48.067138',67,9,2),(59,-8000.00,'saut juiltuly Faridpur','advance Fast year','01783593503',NULL,'Science','2023','00',0.00,'Science','2023','233303',5.00,'1810521389','2022-08-06 15:28:34.745795','2022-08-06 15:28:34.745836',68,3,2),(60,0.00,'West shampur,Faridpur','Seminar 2nd year','01873712493',NULL,'Arts','2022',NULL,NULL,'Arts','2020','402282',4.89,'1710408293','2022-08-06 15:29:40.426494','2022-08-06 15:29:40.426542',69,4,2),(61,-8000.00,'Baliakandi,  Rajbari','advance Fast year','01714781163',NULL,'Science','2023','00',0.00,'Science','2021','171015',5.00,'00','2022-08-06 15:31:14.701286','2022-08-06 15:31:14.701350',70,3,2),(62,0.00,'Komlapur,Faridpur','Seminar 2nd year','00',NULL,'Arts','2022',NULL,NULL,'Science','2020',NULL,4.61,'00','2022-08-06 15:35:15.847919','2022-10-01 12:59:57.151393',71,9,2),(63,0.00,'Nogorkanda, Faridpur','Seminar 2nd year','01748316851',NULL,'Arts','2022',NULL,NULL,'Arts','2020','366474',3.50,'00','2022-08-06 15:38:16.498040','2022-08-06 15:38:16.498075',72,4,2),(64,0.00,'2no sharak,Goalchamot,Faridpur','Seminar 2nd year','01712566050',NULL,'Science','2022',NULL,NULL,'Science','2020',NULL,5.00,'00','2022-08-06 15:40:32.572643','2022-08-06 15:40:32.572721',73,4,2),(65,0.00,'Komlapur, Faridpur','Seminar 2nd year','01716186463',NULL,'Science','2022',NULL,NULL,'Science','2020','119694',4.94,'1710415599','2022-08-06 15:45:41.629207','2022-08-06 15:45:41.629254',74,4,2),(66,-8000.00,NULL,'Adv','01784248493',NULL,'Science','2022',NULL,NULL,'Science',NULL,NULL,NULL,'00','2022-08-07 14:32:59.526656','2022-09-01 14:26:45.793802',75,3,2),(67,-6000.00,'Jhiltuli','advance admission 1st year','01717822850',NULL,'Science','2023',NULL,NULL,'Science','2021','159272',4.28,'00','2022-08-09 15:27:29.347875','2022-08-09 15:28:35.707027',76,3,2),(68,-8000.00,'Jhiltuli','advance admission 1st year','01703208130',NULL,'Arts','2023',NULL,NULL,'Science','2021',NULL,NULL,'00','2022-08-09 15:35:04.913105','2022-08-09 15:35:04.913154',77,3,2),(69,0.00,'D.I.B Bottola','advance admission 1st year','01834206752',NULL,'Arts','2023',NULL,NULL,'Commerce','2021',NULL,NULL,'00','2022-08-09 17:16:51.319236','2022-08-10 14:58:12.494595',78,3,2),(70,0.00,'Chalkvabanipur','advance 2nd Year','0173584388',NULL,'Arts','2022','00',0.00,'Science','2020','164424',5.00,'1710413091','2022-08-10 09:46:29.679090','2022-09-29 11:07:38.372760',79,9,2),(71,0.00,'chok vobani pur','000','00',NULL,'Arts','2022','00',0.00,'Science','2020','00',0.00,'00','2022-08-10 09:49:35.745566','2022-08-10 09:52:11.600036',80,4,2),(72,0.00,'boroytola Faridpur','advance','01733125374',NULL,'Science','2022','00',0.00,'Arts','2020',NULL,4.89,'00','2022-08-10 10:47:48.040096','2022-08-10 10:47:48.040173',81,4,2),(73,0.00,'weast alipur faridpur','advance','01787305286',NULL,'Arts','2022','00',0.00,'Science','2020','00',4.50,'1710492181','2022-08-10 17:59:26.118782','2022-08-10 17:59:26.118852',82,4,2),(74,-13000.00,'Boalmary, Faridpur','Humanities','01304913194',NULL,'Arts','2020','203708',3.67,'Arts','2022',NULL,NULL,'1710399125','2022-08-10 18:18:22.602102','2022-08-10 18:18:22.602173',83,6,2),(75,-13000.00,'South Jhiltuly, Faridpur','Academic','01768811599',NULL,'Arts','2022','00',0.00,'Science','2020','00',4.83,'1710415699','2022-08-10 18:24:54.778311','2022-09-29 11:58:58.089161',84,9,2),(76,-13000.00,'Vatilacpur Faridpur','advance','01760469965',NULL,'Arts','2022','00',0.00,'Science','2020','119789',4.06,'1710816312','2022-08-10 18:45:47.372864','2022-08-10 18:45:47.372914',85,6,2),(77,-13000.00,'Goalchamot, Singpara, Faridpur','advance','01734844284',NULL,'Arts','2022','00',0.00,'Science','2020','00',4.44,'00','2022-08-10 18:50:22.048802','2022-08-10 18:50:22.048888',86,6,2),(78,-13000.00,'Momin khar hut, Faridpur','advance','01734571172',NULL,'Arts','2022','104756',0.00,'Science','2020','164756',3.94,'1710412828','2022-08-10 18:54:14.879144','2022-09-29 11:36:30.875011',87,9,2),(79,-13000.00,'West Gangabordi, Faridpur Sadar, Faridpur','advance','01721014811',NULL,'Arts','2022','00',0.00,'Science','2020','164694',4.61,'1710413831','2022-08-11 10:29:36.859996','2022-08-11 10:29:36.860044',88,6,2),(80,-13000.00,'Dhuldi Bazar','advance','01735493491',NULL,'Arts','2022','00',0.00,'Science','2020','00',4.89,'00','2022-08-11 13:50:26.718295','2022-08-11 13:50:26.718340',89,6,2),(81,-13000.00,'Chandra Bazar,Vanga,Faridpur','Advance','01762263581',NULL,'Arts','2022','00',0.00,'Science','2020','225331',4.11,'00','2022-08-11 13:55:40.521595','2022-08-11 13:55:40.521643',90,6,2),(82,-13000.00,'Fatehabad Tuen Tower, Tatultola','Advance','01711188333',NULL,'Arts','2022','203591',0.00,'Commerce','2020','161724',5.00,'1710413995','2022-08-11 14:02:07.715962','2022-08-11 14:02:07.716024',91,6,2),(83,-13000.00,'Kanaipur','Advance','01611950576',NULL,'Arts','2022','00',0.00,'Science','2020','00',4.94,'00','2022-08-11 14:06:15.360496','2022-09-29 13:17:42.951571',92,9,2),(84,-13000.00,'Kanaipu','Advance','01777993109',NULL,'Arts','2022','00',0.00,'Science','2020','00',4.72,'00','2022-08-11 14:09:25.149667','2022-09-29 13:07:59.015611',93,9,2),(85,-13000.00,'Alipur,Faridpur','Advance','01715868916',NULL,'Arts','2022','00',0.00,'Science','2020','161697',5.00,'1710414152','2022-08-11 14:14:16.145800','2022-09-29 11:48:16.283270',94,9,2),(86,-13000.00,'Alipur Faridpur','advance','01791475448',NULL,'Arts','2022','00',0.00,'Arts','2022','00',0.00,'00','2022-08-11 18:34:54.107474','2022-08-11 18:34:54.107572',95,6,2),(87,-13000.00,'Kanaipur, Faridpur','advance','01743698288',NULL,'Science','2020','164099',5.00,'Arts','2022','00',0.00,'1710414842','2022-08-11 18:41:22.321413','2022-08-11 18:41:22.321459',96,6,2),(88,-13000.00,'Guholaxmipur, Toki Mollah Road Faridpur','advance','01745331434',NULL,'Arts','2022','00',0.00,'Arts','2020','00',4.44,'1718975025','2022-08-11 18:44:33.069250','2022-08-11 18:44:33.069421',97,6,2),(89,-13000.00,'Kobirpur Faridpur','advance','01768429709',NULL,'Science',NULL,NULL,NULL,'Science','2020','00',4.33,'00','2022-08-11 19:55:54.009479','2022-08-11 19:55:54.009543',98,6,2),(90,-13000.00,'oajuddin munshir dangi','advance','01795108070',NULL,'Arts','2022','00',0.00,'Science','2020','357276',3.83,'00','2022-08-11 19:59:34.617266','2022-08-11 19:59:34.617308',99,6,2),(91,-13000.00,'Weast Kapaa pur Faridpur','adveance','01660139712',NULL,'Arts','2022','00',0.00,'Science','2020','00',3.67,'1710387516','2022-08-11 20:02:16.551949','2022-08-11 20:02:16.552043',100,6,2),(92,-13000.00,'Sadirpur Faridpur','advance','01912031164',NULL,'Arts','2022','00',0.00,'Arts','2020','361269',4.22,'1710402691','2022-08-11 20:04:46.387252','2022-08-11 20:04:46.387327',101,6,2),(93,-13000.00,'Faridpur ShadorFaridpur','advance','01990336058',NULL,'Science','2022',NULL,NULL,'Science','2020','00',4.06,'00','2022-08-11 20:07:34.838747','2022-08-12 22:31:06.504874',102,6,2),(94,-9000.00,'Aliabad, Faridpur','Humanities','0174003984',NULL,'Arts','161924','00',0.00,'Science','2020','161924',4.11,'1610628334','2022-08-13 11:57:06.279912','2022-08-13 12:02:41.493853',103,6,2),(95,-7000.00,'Shadarpur, Faridpur','Advance','01306973858',NULL,'Arts','2023','00',0.00,'Science','2021','374496',4.83,'1810591358','2022-08-14 15:54:38.524092','2022-08-14 16:01:15.013432',104,3,2),(96,-11000.00,'Sadarpur Faridpur','advance','01712649164',NULL,'Arts','2022','00',0.00,'Science','2020','00',3.28,'00','2022-08-15 10:14:02.901142','2022-09-28 15:25:36.353276',105,6,2),(97,0.00,'chimbi gat Faridpur','adveance','01766400069',NULL,'Science','2022','00',0.00,'Science','2020','00',3.50,'00','2022-08-17 16:30:41.198079','2022-08-17 18:08:11.782553',106,7,2),(98,0.00,'jhiltuly Faridpur','advance','01736646104',NULL,'Science','2022','00',0.00,'Science','2020','203692',4.50,'00','2022-08-17 18:14:00.949739','2022-08-17 18:14:52.380488',107,6,2),(99,-13000.00,'Faridpur','advance','01803678726',NULL,'Arts','2022','00',0.00,'Science','2020','00',4.78,'00','2022-08-17 18:18:43.679149','2022-08-17 18:18:43.679205',108,6,2),(100,-13000.00,'Faridpur  Medical','advance','01312190575',NULL,'Arts','2022','00',0.00,'Science','2020','00',3.50,'00','2022-08-17 18:20:55.098317','2022-08-17 18:20:55.098366',109,6,2),(101,0.00,'Sadarpur, Faridpur','advance','01749810902',NULL,'Arts','2022','361765',0.00,'Arts','2020','361765',0.00,'1710408634','2022-08-17 18:24:49.165658','2022-08-17 18:24:49.165705',110,4,2),(102,-13000.00,'Kushtia Khulna Bangladesh','advance','01916104032',NULL,'Arts','2022','203608',0.00,'Arts','2019','220721',4.82,'00','2022-08-17 18:28:37.486354','2022-08-17 18:28:37.486401',111,6,2),(103,0.00,'Sadar pur,  Faridpur','advance','01650153455',NULL,'Science','2020','00',0.00,'Science','0','2022',3.26,'1710408220','2022-08-17 18:32:36.696725','2022-08-17 18:32:55.075029',112,6,2),(104,-13000.00,'Sadarpur, Faridpur','Academic','01732990149',NULL,'Arts','2022','00',0.00,'Science','2020','162198',4.06,'1710407367','2022-08-17 18:35:50.988720','2022-09-29 11:54:26.182320',113,9,2),(105,-13000.00,'Sadarpur, Faridpur','Advance','01756186863',NULL,'Science',NULL,NULL,NULL,'Arts','2020','361287',4.61,'1710407492','2022-08-17 18:39:24.558482','2022-08-17 18:39:24.558530',114,6,2),(106,-13000.00,'Sadarpur Faridpur','advance','01767913401',NULL,'Science','2022',NULL,NULL,'Science','2022','162200',4.22,'1710407369','2022-08-17 18:42:00.042632','2022-08-17 18:42:00.042680',115,6,2),(107,-13000.00,'Sovarampur','Advance','01748231725',NULL,'Arts','2022','00',0.00,'Arts','2020','00',3.83,'00','2022-08-18 09:53:46.148500','2022-09-29 11:19:15.885161',116,9,2),(108,-13000.00,'Sadarpur Faridpur','advance','01760464366',NULL,'Arts','2022','00',0.00,'Commerce','2020','559916',4.36,'1710408257','2022-08-18 09:56:36.228154','2022-08-18 09:56:36.228212',117,6,2),(109,-13000.00,'Lohatek, upzilla, charbhadrosan','advance','01715224226',NULL,'Arts','2022','00',0.00,'Arts','2020','362464',5.00,'1710405111','2022-08-18 10:00:55.813699','2022-08-18 10:00:55.813764',118,6,2),(110,-13000.00,'Loskordia Azimnogor Bhanga Faridpur','advance','01718886677',NULL,'Arts','2022','00',0.00,'Arts','2020','00',4.83,'00','2022-08-18 10:37:00.995997','2022-09-29 10:40:40.234901',119,9,2),(111,-13000.00,'Char Chand pur Sadarpur Faridpur','advance','01706535816',NULL,'Arts','2022','00',0.00,'Arts','2020','361286',5.00,'00','2022-08-18 10:40:30.148781','2022-08-18 10:40:30.148834',120,6,2),(112,0.00,'Char Kaishna Nagar, Faridpur',NULL,'01944316612',NULL,'Arts','2022','00',0.00,'Science','2020','00',4.17,'00','2022-08-18 10:43:27.582841','2022-08-18 10:43:27.582889',121,4,2),(113,0.00,'Chalkbazar Faridpur','advance','01731409400',NULL,'Arts','2022','00',0.00,'Science','2020','161643',4.89,'1710414092','2022-08-18 10:52:28.893261','2022-09-29 16:41:02.217558',122,9,2),(114,-13000.00,'Raghunandanpur, Faridpur','Advance','01706450537',NULL,'Arts','2022','00',0.00,'Arts','2020','301929',4.79,'00','2022-08-18 10:56:54.570183','2022-08-18 10:56:54.570236',123,6,2),(115,-13000.00,'Momin khar Hat Faridpur','advance','01710024739',NULL,'Arts','2022','00',0.00,'Science','0','00',4.78,'00','2022-08-18 10:59:30.217184','2022-09-29 11:18:36.376735',124,9,2),(116,-13000.00,'Faridpur','Advance','01959950081',NULL,'Arts','2022','00',0.00,'Arts','2020','442051',4.33,'00','2022-08-18 11:02:46.112938','2022-09-29 11:00:30.663874',125,9,2),(117,-13000.00,'Sadarpur, Faridpur','advance','01714563999',NULL,'Arts','2022','00',0.00,'Arts','2020','361750',5.00,'1710408729','2022-08-18 11:06:30.824528','2022-09-29 11:32:40.798555',126,9,2),(118,-13000.00,'Jhiltult Faridpur','Advance','01768429421',NULL,'Arts','2022','00',0.00,'Science','2020','162585',3.78,'1710','2022-08-18 11:10:25.603188','2022-08-18 11:10:25.603239',127,6,2),(119,-13000.00,'Alipur, Faridpur','advance','01772803638',NULL,'Arts','2022','00',0.00,'Arts','2020','369906',4.17,'00','2022-08-18 14:12:28.258137','2022-08-18 14:12:28.258223',129,6,2),(120,-13000.00,'Lohertake, Charbhdrason, Faridpur','advance','01406963358',NULL,'Arts','2022','00',0.00,'Arts','2020','362465',5.00,'1710405110','2022-08-18 14:29:11.346036','2022-09-30 11:36:19.319541',130,9,2),(121,-13000.00,'Kazi Dangi Charbhadrashon Faridpur','Advance','01731296973',NULL,'Arts','2022','00',0.00,'Arts','220','362476',4.72,'1710405079','2022-08-18 14:32:38.837768','2022-09-30 11:34:33.616540',131,9,2),(122,-13000.00,'Lohahdek, Char hades san','Advance','01783160493',NULL,'Arts','2022','00',0.00,'Arts','2020','362469',4.72,'1710405108','2022-08-18 14:35:23.791509','2022-08-18 14:35:23.791588',132,6,2),(123,-13000.00,'Kachari, Dangi, Sadarpur, Faridpur','Advance','01745696236',NULL,'Arts','2022','00',0.00,'Arts','2020','362427',4.44,'1710406496','2022-08-18 14:39:44.916043','2022-08-18 14:39:44.916090',133,6,2),(124,-13000.00,'Sadarpur Faridpur','advance','01768975955',NULL,'Arts','2020','00',0.00,'Arts','2018','162165',4.50,'00','2022-08-18 14:43:28.300191','2022-08-18 14:43:28.300238',134,6,2),(125,-13000.00,'Koyjury Tambulkhana sadar Faridpur','advance','01741482081',NULL,'Arts','2022','00',0.00,'Science','2020','120108',4.61,'1710410181','2022-08-18 14:46:37.939675','2022-08-18 14:46:37.939775',135,6,2),(126,0.00,'Sadarpur','advance','01731825154',NULL,'Science','2022','00',0.00,'Science','2020','00',4.17,'00','2022-08-21 12:22:18.765720','2022-08-21 12:22:58.081865',136,6,2),(127,-13000.00,'Sadarpur','Advance','01912057186',NULL,'Arts','2022','00',0.00,'Arts','2020','361546',4.61,'00','2022-08-21 12:25:02.661013','2022-08-21 12:25:02.661107',137,6,2),(128,-13000.00,'Nagarkanda Faridpur','advance','01718060414',NULL,'Arts','2022','00',0.00,'Science','2020','163414',4.83,'1710393022','2022-08-21 12:28:27.599115','2022-08-21 12:28:27.599177',138,6,2),(129,-13000.00,'Jhultuli Faridpur','advance','01752005806',NULL,'Arts','2022','00',0.00,'Science','2020','00',4.78,'1710393014','2022-08-21 12:30:54.474188','2022-08-21 12:30:54.474230',139,6,2),(130,-13000.00,'Lohartake, Charbhadrason','advance','01768237218',NULL,'Arts','2022','224',0.00,'Arts','2020','362470',4.72,'1710405106','2022-08-21 12:33:56.844250','2022-08-21 12:33:56.844298',140,6,2),(131,-13000.00,'Charbhadraason, Faridpur','advance','01720029020',NULL,'Arts','2022','0',0.00,'Science','2020','162363',4.83,'1710405764','2022-08-21 12:36:32.575088','2022-08-21 12:36:32.575130',141,6,2),(132,-13000.00,'Alom Nagar Faridpur','advance','01720254096',NULL,'Science','2022','00',0.00,'Arts','2020','362472',4.50,'1710405104','2022-08-21 12:39:00.705931','2022-08-21 12:39:00.705985',142,6,2),(133,-13000.00,'Alom Nogor Charbhadrason Faridpur','advance','01745805663',NULL,'Arts','2022','00',0.00,'Arts','2020','362466',4.78,'1710405109','2022-08-21 12:42:04.645406','2022-08-21 12:42:04.645454',143,6,2),(134,-13000.00,'Charbhadrason,  Faridpur','advance','01727199285',NULL,'Arts','2022','00',0.00,'Arts','2020','362473',4.28,'1710405103','2022-08-21 12:45:17.918945','2022-08-21 12:45:17.918995',144,6,2),(135,-13000.00,'Lokman khar Dangi, Sadarpur, Faridpur','Advance','017204747442',NULL,'Arts','2022','00',0.00,'Arts','2020','362278',4.72,'1710405758','2022-08-21 12:48:21.273811','2022-08-21 12:48:21.273879',145,6,2),(136,-13000.00,'B.S Dangi, Charbhadrason Faridpur','advance','1710405767',NULL,'Arts','2022','00',0.00,'Science','2020','362274',5.00,'1710405767','2022-08-21 12:50:33.400056','2022-08-21 12:50:57.870017',146,6,2),(137,-13000.00,'Onath er mor, Faridpur','advance','01887165874',NULL,'Arts','2022','00',0.00,'Science','2020','162148',4.78,'1710406968','2022-08-21 12:54:07.526391','2022-08-21 12:54:07.526454',147,6,2),(138,-13000.00,'Jonasur, kasiani,  Gopalgonj','advanced','0178953996',NULL,'Arts','2022','00',0.00,'Science','2020','162274',4.78,'1710407452','2022-08-21 12:57:25.418898','2022-08-21 12:57:25.418943',148,6,2),(139,-13000.00,'North Tepakhola','advance','01757810776',NULL,'Science','2022','00',0.00,'Science','2020','161806',4.78,'1710414025','2022-08-21 13:00:09.423366','2022-08-21 13:00:09.423511',149,6,2),(140,-13000.00,'Muksudpur Gopalgonj','advance','01712597986',NULL,'Arts','2022','00',0.00,'Science','2020','00',4.94,'00','2022-08-21 13:06:35.435270','2022-08-21 13:06:35.435321',150,6,2),(141,-13000.00,'Aliabad, Faridpur','advance','01740039847',NULL,'Arts','2022','00',0.00,'Science','2020','161924',4.11,'1610628334','2022-08-21 13:24:09.686187','2022-08-21 13:24:09.686294',151,6,2),(142,-13000.00,'Onater mor, Faridpur','advance','01739793077',NULL,'Arts','2022','00',0.00,'Science','2020','163374',4.72,'00','2022-08-22 10:47:34.057479','2022-09-29 11:21:13.371226',152,9,2),(143,-13000.00,'Wirless para Goalchamot Faridpur','advance','01777354830',NULL,'Arts','2022','00',0.00,'Arts','2020','353211',4.89,'00','2022-08-22 10:51:35.313185','2022-09-29 11:57:46.279626',153,9,2),(144,-13000.00,'weast jhiltuli Faridpur','advance','01727353526',NULL,'Arts','2022','00',0.00,'Science','2020','00',0.00,'00','2022-08-22 10:54:28.903296','2022-08-22 10:54:28.903341',154,6,2),(145,-13000.00,'jhultuli Faridpur','Advance','01407425853',NULL,'Arts','2022','00',0.00,'Science','2020','165269',4.21,'00','2022-08-22 10:57:29.187395','2022-09-29 11:16:06.361983',155,9,2),(146,-13000.00,'Singpara','advance','01778933962',NULL,'Arts','2022','00',0.00,'Science','2020','00',4.94,'1710395929','2022-08-22 11:00:42.926071','2022-08-22 11:00:42.926163',156,6,2),(147,-13000.00,'Chor Madhabdia Faridpur','advance','01749066325',NULL,'Arts','2022','00',0.00,'Science','2020','164737',3.94,'1710411815','2022-08-22 11:03:46.837228','2022-09-29 12:05:42.954751',157,9,2),(148,-13000.00,'Momin Khar hat Faridpur','Advance','01611060342',NULL,'Arts','2022','00',0.00,'Science','2020','164760',4.39,'1710412945','2022-08-22 11:06:50.438610','2022-09-29 10:21:25.918587',158,9,2),(149,-13000.00,'Nogorkhanda Faridpur','advance','01837379103',NULL,'Arts','2022','00',0.00,'Arts','2020','116201',4.88,'00','2022-08-22 11:10:37.686737','2022-08-22 11:10:37.686784',159,6,2),(150,-13000.00,'Momin khar hat','advance','01745397246',NULL,'Arts','2022','00',0.00,'Science','2020','164761',4.17,'1710412942','2022-08-22 11:13:59.328831','2022-09-29 10:38:38.160059',160,9,2),(151,-13000.00,'Madaripur Rajor','advance','01724344652',NULL,'Science','2022','1',1.00,'Science','2020','165967',3.50,'1710377746','2022-08-22 12:37:51.947300','2022-08-22 12:38:40.533956',161,6,2),(152,-13000.00,'Chorkomlapur Faridpur','advance','01740667115',NULL,'Arts','2022','00',0.00,'Science','2020','174660',3.83,'171034735','2022-08-28 10:13:17.223924','2022-08-28 10:13:17.223967',162,6,2),(153,-13000.00,'Pukhuria, Bhanga, Faridpur','advance','01725430992',NULL,'Arts','2022','00',0.00,'Arts','2020','399259',3.89,'1718975066','2022-08-28 10:22:40.940705','2022-08-28 10:22:40.940752',163,6,2),(154,-13000.00,'Matrichiya Hostel','advance','01703124881',NULL,'Arts','2022','00',0.00,'Arts','2020','00',3.89,'00','2022-08-28 10:25:38.552701','2022-08-28 10:25:38.552768',164,6,2),(155,-13000.00,'Ismil munshir dangy,  mominkhar hat shodar Faridpur','advance','01732066890',NULL,'Arts','2022','00',0.00,'Arts','2020','164751',4.06,'1710412837','2022-08-28 11:16:07.352336','2022-08-28 11:16:07.352385',165,6,2),(156,-13000.00,'Kamar dangy Mominkhar Hat Sadar, Faridpur','advance','01760522460',NULL,'Arts','2022','00',0.00,'Arts','2020','00',4.72,'1710409600','2022-08-28 11:19:18.267636','2022-08-28 11:19:18.267681',166,6,2),(157,-13000.00,'Boalmari, Faridpur','Advance','01889614446',NULL,'Science','2022','00',0.00,'Science','2020','180486',4.39,'1710388621','2022-08-28 11:21:29.020760','2022-08-28 11:31:40.673055',167,6,2),(158,-13000.00,'Kanaipur, Faridpur','Advance','01717011728',NULL,'Arts','2022','00',0.00,'Science','2020','00',4.28,'00','2022-08-28 11:23:56.163137','2022-08-28 11:23:56.163179',168,6,2),(159,0.00,'Momin Khar hat, Faridpur','advance','01746115575',NULL,'Science','2022','00',0.00,'Science','2020','369492',4.89,'1710412840','2022-08-28 11:26:40.731248','2022-08-28 11:27:42.733037',169,6,2),(160,-13000.00,'Bhanga, Faridpur','Advance','01731100712',NULL,'Arts','2022','00',0.00,'Science','2020','162443',4.50,'00','2022-08-28 11:31:10.030158','2022-08-28 11:31:10.030208',170,6,2),(161,-13000.00,'Charvod shoin lohartak Faridpur','advance','01728634115',NULL,'Arts','2022','00',0.00,'Arts','2020','00',4.61,'1710405102','2022-08-28 15:22:17.567573','2022-09-30 11:35:24.846813',171,9,2),(162,-13000.00,'Mothurpur Modhukhali','advance','01736700904',NULL,'Arts','2022','00',4.56,'Science','2020','00',0.00,'00','2022-09-02 10:59:32.216334','2022-09-02 10:59:32.216398',172,6,2),(163,-13000.00,'Ramkrisnomissian','advance','01642181298',NULL,'Arts','2022','00',0.00,'Science','2020','225354',4.69,'00','2022-09-02 11:06:01.474333','2022-09-02 11:06:01.474406',173,6,2),(164,-13000.00,'Vajondanaga baytul aman Faridpur','advance','01773093493',NULL,'Arts','2022','00',0.00,'Science','2020','00',4.83,'00','2022-09-02 11:08:54.913330','2022-09-02 11:08:54.913369',174,6,2),(165,-13000.00,'Jhiltuli Faridpur','Advance','01720276850',NULL,'Science','2022','00',0.00,'Science','2020','173578',4.22,'1710337225','2022-09-02 11:15:20.693726','2022-09-02 11:18:22.622718',175,6,2),(166,-13000.00,'jhiltuli Faridpur','advance','01724103988',NULL,'Science','2022','00',0.00,'Science','2020','00',4.33,'1710406326','2022-09-02 11:17:59.277180','2022-09-02 11:18:50.913242',176,6,2),(167,-13000.00,'Sadar pur Faridpur','advance','00',NULL,'Arts','2022','00',0.00,'Science','2020','00',0.00,'1710408312','2022-09-02 11:21:44.732577','2022-09-02 11:21:44.732627',177,6,2),(168,-13000.00,'Sadarpur Faridpur','advance','01940624213',NULL,'Science','2022','00',0.00,'Science','2020','00',4.72,'00','2022-09-02 11:25:18.712804','2022-09-02 11:25:18.712852',178,6,2),(169,-13000.00,'Sadarpur Faridpur','advance','01731154319',NULL,'Arts','2022','00',0.00,'Science','2020','00',4.83,'1710408322','2022-09-02 11:27:30.880538','2022-09-02 11:27:30.880581',179,6,2),(170,-13000.00,'Ramnagor Khalilpur Rajbari','advance','01739095465',NULL,'Arts','2022','00',0.00,'Science','2020','00',4.83,'00','2022-09-02 11:39:57.036235','2022-09-02 11:39:57.036294',180,6,2),(171,-13000.00,'Karirhar Sadarpur Faridpur','advance','01729396389',NULL,'Commerce','2022','00',0.00,'Science','2020','560032',3.89,'00','2022-09-02 11:42:32.890508','2022-09-02 11:42:32.890555',181,6,2),(172,-13000.00,'Kamlapur Tatultola Faridpur','advance','01703556561',NULL,'Arts','2022','00',0.00,'Science','2020','00',3.33,'00','2022-09-02 11:45:10.963167','2022-10-01 12:31:41.861429',182,9,2),(173,-13000.00,'Nort Komlapur Faridpur','Academic','01720640450',NULL,'Science','2022','00',0.00,'Science','2020','119881',5.00,'00','2022-09-02 11:47:33.569674','2022-09-29 11:14:41.935284',183,9,2),(174,-13000.00,'Guolokhipur Faridpur','advance','01727985782',NULL,'Arts','2022','00',0.00,'Science','2020','00',4.17,'00','2022-09-02 11:49:59.639178','2022-09-02 11:49:59.639226',184,6,2),(175,-13000.00,'Boshontopur Rajbari','advance','01718204129',NULL,'Science','2022','00',0.00,'Science','2020','16545488',4.00,'00','2022-09-02 11:52:19.660090','2022-09-18 19:19:22.605963',185,6,2),(176,-13000.00,'Boalmari Faridpur','advance','01830994697',NULL,'Arts','2022','00',0.00,'Science','2022','00',3.67,'1718974317','2022-09-15 13:22:36.276722','2022-09-18 19:21:12.511955',186,6,2),(181,-8000.00,NULL,'academic','01778769622',NULL,'Science','2022',NULL,NULL,'Science','2020',NULL,5.00,'1778769622','2022-09-24 17:24:45.618484','2022-09-24 17:24:45.618564',191,9,2),(182,-8000.00,NULL,'ACADEMIC','01741304035',NULL,'Arts','2022',NULL,NULL,'Science','2020','161804',5.00,'1741304035','2022-09-24 17:33:20.583046','2022-09-24 17:33:20.583109',192,9,2),(183,-8000.00,'Kamlapur Faridpur','ACADEMIC','01715888837',NULL,'Science','2022','00',0.00,'Science','2020','164990',4.78,'00','2022-09-24 18:17:39.698928','2022-09-24 18:18:09.268473',193,9,2),(184,-8000.00,'kuba masjied Road North Alipur, Faridpur','academic','01715888350',NULL,'Science','2022','00',0.00,'Science','2020','196030',5.00,'1710791500','2022-09-24 18:21:41.395984','2022-09-24 18:21:41.396031',194,9,2),(185,-8000.00,'Faridpur, Jhiltuli','academic','01782979943',NULL,'Commerce','2022','00',0.00,'Commerce','2020','00',3.50,'00','2022-09-24 18:23:46.677333','2022-09-24 18:23:46.677381',195,9,2),(186,-8000.00,'Faridpur','academic','01954836991',NULL,'Arts','2022','00',0.00,'Science','2020','119938',5.00,'00','2022-09-24 18:25:29.389050','2022-09-24 18:25:29.389099',196,9,2),(187,-8000.00,'Chowgacha, Muksudpur, Gopalgong','academic','01729130514',NULL,'Commerce','2022','00',0.00,'Commerce','2020','576949',4.00,'00','2022-09-24 18:27:59.010371','2022-09-24 18:27:59.010425',197,9,2),(188,-8000.00,'00','academic','01715432797',NULL,'Arts','2022','00',0.00,'Science','2020','00',3.50,'00','2022-09-24 18:29:52.573414','2022-09-24 18:29:52.573466',198,9,2),(189,-8000.00,'Shibrampur, Faridpur','Academic','01308928808',NULL,'Commerce','2022','204063',0.00,'Commerce','2020','00',4.67,'00','2022-09-24 18:32:04.952194','2022-09-24 18:32:04.952245',199,9,2),(190,-8000.00,'Charbhedrasan Faridpur','Academic','00',NULL,'Arts','2022','00',0.00,'Arts','2020','362508',3.61,'00','2022-09-24 18:33:58.946335','2022-09-24 18:33:58.946384',200,9,2),(191,-8000.00,'Mominkhar Hat, Faridpur sadar, Faridpur','academic','01320310233',NULL,'Arts','2022','00',0.00,'Arts','2020','164756',461.00,'00','2022-09-24 18:38:21.453326','2022-09-24 18:38:21.453378',201,9,2),(192,-8000.00,'2 no. Shorok New Bus stand','academic','01704832233',NULL,'Arts','2022','00',0.00,'Science','2020','361629',3.11,'00','2022-09-24 18:40:32.002412','2022-09-24 18:40:32.002474',202,9,2),(193,-8000.00,'Faridpur','Academic','01734364350',NULL,'Science','2022','00',0.00,'Science','2020','000',4.83,'00','2022-09-24 18:42:35.985610','2022-09-24 18:42:35.985666',203,9,2),(194,-8000.00,'Shibram pur','Academic','01922271248',NULL,'Arts','2022','00',0.00,'Science','2020','00',4.11,'00','2022-09-24 18:49:02.516382','2022-09-29 11:39:39.979450',204,9,2),(195,-8000.00,'Kaichail','Academic','01789935694',NULL,'Arts','2022','00',0.00,'Science',NULL,'163397',3.44,'00','2022-09-24 18:51:23.962182','2022-09-24 18:51:23.962231',205,9,2),(196,-8000.00,'Alipur Faridpur','Academic','01710951308',NULL,'Arts','2022','00',0.00,'Science','2020','119928',4.67,'1710416149','2022-09-24 18:53:34.936937','2022-09-24 18:53:34.936991',206,9,2),(197,-8000.00,NULL,'academic','01758528246',NULL,'Arts','2022',NULL,NULL,'Science','2020',NULL,4.89,'1710409232','2022-09-24 18:58:59.789635','2022-09-24 18:58:59.789694',207,9,2),(198,-8000.00,'jiltuly','Academic','01917086793',NULL,'Commerce','2022','00',0.00,'Commerce','2020','00',4.17,'00','2022-09-24 19:03:21.182580','2022-09-24 19:03:21.182642',208,9,2),(199,-8000.00,'Nagarkhanda, Faridpur','Academic','01920301100',NULL,'Science','2022','00',0.00,'Science','2020','163362',4.61,'00','2022-09-24 19:05:44.434203','2022-09-24 19:05:44.434273',209,9,2),(200,-8000.00,'Alipur, Faridpur','academic','01731431868',NULL,'Commerce','2022','00',0.00,'Commerce','2020','00',3.89,'1710416196','2022-09-24 19:09:01.698208','2022-09-24 19:09:01.698293',210,9,2),(201,-8000.00,'Chorvadrosan, Faridpur','academic','01703454928',NULL,'Arts','2022','00',0.00,'Arts','2020','362468',5.00,'00','2022-09-24 19:15:04.070452','2022-09-29 10:43:44.703939',211,9,2),(202,-8000.00,'Faridpur','academic','01782953574',NULL,'Arts','2022','00',0.00,'Science','2022','00',4.89,'00','2022-09-24 19:19:38.792525','2022-09-24 19:19:38.792593',212,9,2),(203,-8000.00,'Faridpur','Academic','01739362820',NULL,'Commerce','2022','00',0.00,'Commerce','2020','576949',4.00,'00','2022-09-24 19:22:21.831222','2022-09-24 19:22:21.831273',213,9,2),(204,-8000.00,'Goalkandi Faridpur','academic','01309523967',NULL,'Arts','2022','00',0.00,'Commerce','2020','00',4.00,'00','2022-09-24 19:28:14.395355','2022-09-29 11:22:46.488458',214,9,2),(205,-8000.00,'Dhoyrampur Faridpur Sadar','Academic','01763972475',NULL,'Commerce','2022','00',0.00,'Commerce','2019','00',4.28,'00','2022-09-24 19:30:15.313128','2022-09-24 19:30:15.313187',215,9,2),(206,-8000.00,'Charvadrasan Faridpur','academic','00',NULL,'Arts','2022','00',0.00,'Arts','2020','362526',3.50,'00','2022-09-24 19:33:31.123614','2022-09-24 19:33:31.123680',216,9,2),(207,-8000.00,'Ramkrisnamission, Faridpur','academic','01778637345',NULL,'Arts','2022','00',0.00,'Arts','2020','363207',2.28,'00','2022-09-24 19:35:39.727373','2022-09-24 19:35:39.727420',217,9,2),(208,-8000.00,'Komlapur Faridpur','Academic','01767922925',NULL,'Science','2022','00',0.00,'Science','2020','00',4.79,'00','2022-09-24 19:41:52.326891','2022-10-01 12:26:30.686788',218,9,2),(209,-8000.00,'Jhiltuly Faridpur','academic','01954444548',NULL,'Arts','2022','00',0.00,'Science','2020','225311',4.39,'00','2022-09-24 19:49:08.233520','2022-09-29 12:40:50.061456',219,9,2),(210,-8000.00,'Fokir dangi goldangi Faridpur','academic','01626724134',NULL,'Arts','2022','00',0.00,'Arts','2020','369709',3.72,'00','2022-09-24 19:51:14.073552','2022-09-24 19:51:14.073636',220,9,2),(211,-8000.00,'Mominkhar hat Faridpur','academic','01745397246',NULL,'Science','2022','00',0.00,'Science','2020','164761',4.17,'00','2022-09-24 19:53:04.768690','2022-09-24 19:53:04.768786',221,9,2),(212,-8000.00,'Bs Dangi, Char, Bhadnason, Faridpur','academic','01720648620',NULL,'Arts','2022','00',0.00,'Commerce','2020','00',0.00,'00','2022-09-25 09:20:22.715818','2022-09-29 12:25:08.971023',222,9,2),(213,-8000.00,'Daybatis Hospital Ar Shamne Rohomot Tawor','Academic','01921259852',NULL,'Commerce','2022','00',0.00,'Commerce','2020','00',4.28,'00','2022-09-25 09:30:05.153676','2022-09-25 09:30:05.153742',223,9,2),(214,-8000.00,'chokvobanipur Faridpur sadar, Faridpur','Academic','01915399912',NULL,'Arts','2022','00',0.00,'Arts','2020','00',3.22,'00','2022-09-25 09:42:36.979755','2022-09-25 09:42:36.979804',224,9,2),(215,-8000.00,'Alipur Faridpur','Academic','01752421544',NULL,'Commerce','2022','00',0.00,'Commerce','2020',NULL,2.89,'00','2022-09-25 09:49:07.209830','2022-10-01 14:00:33.470481',225,9,2),(216,-8000.00,'Alipur Faridpur','Academic','00',NULL,'Commerce','2022','00',0.00,'Commerce','2020','519671',4.06,'1710416326','2022-09-25 09:51:31.115444','2022-09-25 09:51:31.115497',226,9,2),(217,-8000.00,'Nagarkanda, Faridpur','Academic','01759813390',NULL,'Arts','2022','00',0.00,'Science','2020','180409',4.17,'1710327984','2022-09-25 09:57:13.543484','2022-09-25 09:57:13.543538',227,9,2),(218,-8000.00,'2/14 Professor Lan Habily Gupalpur Faridpur','Academic','01718141150',NULL,'Arts','2022','00',0.00,'Science','2020','00',5.00,'1710414043','2022-09-25 10:00:39.904767','2022-09-25 10:00:39.904826',228,9,2),(219,-8000.00,'DAKSHIN JHILTULI.','Academic','01761540281',NULL,'Commerce','2022','00',0.00,'Commerce','2020','00',4.00,'00','2022-09-25 10:04:16.049886','2022-09-29 11:04:52.012057',229,9,2),(220,-8000.00,'worlasspara Faridpur','Academic','01781836093',NULL,'Arts','2022','338940',5.00,'Arts','2020','00',5.00,'1510447539','2022-09-25 10:15:55.905792','2022-09-25 10:15:55.905848',230,9,2),(221,-8000.00,'Faridpur','Academy','01718322877',NULL,'Arts','2022','00',0.00,'Science','2020','4',4.83,'1710391008','2022-09-25 10:21:51.928116','2022-09-25 10:21:51.928165',231,9,2),(222,-8000.00,'Jhiltuly','Academic','00',NULL,'Arts','2022','00',0.00,'Science','2020','00',3.67,'00','2022-09-25 10:24:46.836286','2022-09-25 10:24:46.836336',232,9,2),(223,-8000.00,'Tatultola Faridpur','Academic','01515200915',NULL,'Arts','2022','00',0.00,'Science','2020','353794',5.00,'00','2022-09-25 10:30:33.739869','2022-09-25 10:30:33.739945',233,9,2),(224,-8000.00,'Faridpur','academic','01858296365',NULL,'Arts','2022','00',NULL,'Science','2020','00',4.22,'00','2022-09-25 10:32:06.455928','2022-09-29 10:26:37.862696',234,9,2),(225,-8000.00,'Alipur kobi joshimuddin Rood Ombikapur Faridpur',NULL,'01861608331',NULL,'Arts','2022','161810',0.00,'Science','2020','161810',4.94,'1710414021','2022-09-25 10:37:11.902347','2022-09-25 10:37:11.902406',235,9,2),(226,-8000.00,'Modhukhali, Faridpur','Academic','01716379440',NULL,'Science','2022','00',4.89,'Science','2022','163938',4.89,'1710394014','2022-09-25 10:40:08.829965','2022-09-25 10:40:08.830035',236,9,2),(227,-8000.00,'Shantibag','academic','01729390530',NULL,'Commerce','2022','00',0.00,'Commerce','2020','00',4.00,'00','2022-09-25 10:42:15.858941','2022-09-25 10:42:15.858997',237,9,2),(228,-8000.00,'jjiltuly Faridpur','Academic','01759800160',NULL,'Arts','2022','00',0.00,'Science','2020','165306',4.94,'00','2022-09-25 10:43:23.931531','2022-09-25 10:43:23.931579',238,9,2),(229,-8000.00,'Kamlapur, Faridpur','Academic','01768683789',NULL,'Arts','2022','00',0.00,'Science','2020','00',4.64,'00','2022-09-25 10:46:18.653641','2022-09-29 10:56:29.410723',239,9,2),(230,-8000.00,'Faridpur','Academic','01780142852',NULL,'Arts','2022','00',0.00,'Arts','2020','00',3.28,'00','2022-09-25 10:50:49.957086','2022-09-29 11:08:52.452211',240,9,2),(231,-8000.00,'Khankhanapur Rajbari','Academic','01922500246',NULL,'Arts','2022','00',0.00,'Science','2020','00',5.00,'1710336001','2022-09-25 11:13:11.029622','2022-09-29 11:34:32.188283',241,9,2),(232,-8000.00,'Jhiltuli,  Faridpur','academic','00',NULL,'Arts','2022','00',0.00,'Arts','2020','00',4.67,'00','2022-09-25 11:31:01.037116','2022-09-25 11:31:01.037176',242,9,2),(233,-8000.00,'Ramkishnomishion rood','Academic','01731418287',NULL,'Arts','2022','00',0.00,'Science','2020','174905',3.78,'1710344882','2022-09-25 12:57:27.556415','2022-09-25 12:57:27.556474',243,9,2),(234,-8000.00,'43/5, komlapur, Faridpur','Academic','01711316118',NULL,'Arts','2022','00',0.00,'Science','2020','00',3.79,'1710415590','2022-09-25 13:00:33.008940','2022-09-25 13:00:33.009012',244,9,2),(235,-8000.00,'chorkomlapur Faridpur','Academic','01316229836',NULL,'Arts','2022','00',0.00,'Arts','2019','00',3.17,'00','2022-09-25 13:26:33.665934','2022-09-25 13:26:33.665988',245,9,2),(236,-8000.00,'Kanaypur Faridpur','academic','01756848171',NULL,'Arts','2022','00',0.00,'Science','2020','164102',4.72,'0','2022-09-25 13:37:11.350241','2022-09-25 13:37:11.350318',246,9,2),(237,-8000.00,'Onather mor, Jhiltuli','Academic','01733728759',NULL,'Commerce','2022','00',0.00,'Science','2020','161644',4.22,'1710414100','2022-09-25 13:42:07.479679','2022-09-29 12:17:09.390200',247,9,2),(238,-8000.00,'Kanaypur Faridpur','Academic','01722387370',NULL,'Arts','2022','00',0.00,'Science','2020','00',4.78,'00','2022-09-25 13:48:28.029859','2022-09-29 13:06:08.792991',248,9,2),(239,-8000.00,'2 no Kuthibari','Academic','01718151708',NULL,'Arts','2022','00',0.00,'Arts','2020','00',5.00,'00','2022-09-25 13:52:06.349860','2022-09-25 13:52:06.349921',249,9,2),(240,-8000.00,'Shingpara, Faridpur','Academic','01306481889',NULL,'Arts','2022','00',0.00,'Science','2020','00',4.33,'1710414187','2022-09-25 13:53:30.435192','2022-09-25 13:53:30.435257',250,9,2),(241,-8000.00,'Jhiltuli, Faridpur','Academic','01758312316',NULL,'Arts','2022','00',0.00,'Science','2020','00',4.58,'00','2022-09-25 13:56:58.056314','2022-09-25 13:56:58.056372',251,9,2),(242,-8000.00,'Jhiltuli, Faridpur','Academic','01715027595',NULL,'Science','2022','00',0.00,'Science','2020','00',4.44,'00','2022-09-25 13:59:51.267610','2022-09-25 13:59:51.267666',252,9,2),(243,-8000.00,'Ramakrishno Mishation Faridpur','Academic','01971021018',NULL,'Arts','2022','00',0.00,'Arts','2022','00',3.78,'00','2022-09-25 13:59:51.805218','2022-09-25 13:59:51.805268',253,9,2),(244,-8000.00,'1 no. Habili Gopalpur, Tepakhola, Faridpur','Academic','01715862869',NULL,'Science','2022','00',0.00,'Science','2020','00',5.00,'00','2022-09-25 14:02:38.261622','2022-09-25 14:02:38.261794',254,9,2),(245,-8000.00,'Jhiltuly Faridpur','Academic','01725624708',NULL,'Arts','2022','00',0.00,'Science','2020','00',4.89,'00','2022-09-25 14:04:40.847630','2022-09-25 14:04:40.847701',255,9,2),(246,-8000.00,'South Jhiltuli, Faridpur','Academic','01715477767',NULL,'Science','2022','00',0.00,'Science','2020','119594',4.89,'00','2022-09-25 14:05:08.834673','2022-09-25 14:05:08.834729',256,9,2),(247,-8000.00,'Saltha, Gourdia','Academic','01746311773',NULL,'Arts','2022','00',0.00,'Science','2020','00',3.61,'00','2022-09-25 14:10:29.048484','2022-09-25 14:10:29.048542',257,9,2),(248,-8000.00,'Saltha, Gourdia','Academic','01791171358',NULL,'Arts','2022','00',0.00,'Arts','2020','00',3.00,'1710387839','2022-09-25 14:14:57.024046','2022-09-25 14:14:57.024099',258,9,2),(249,-8000.00,'Sharukdiya, Saltha, Faridpur','Academic','01763365241',NULL,'Arts','2022','00',0.00,'Arts','2020','366780',2.83,'1710387852','2022-09-25 14:18:17.720313','2022-09-25 14:18:17.720381',259,9,2),(250,-8000.00,'Chor komlapur, Faridpur','Academic','01921003438',NULL,'Arts','2022','00',0.00,'Science','2020','00',4.00,'1710399695','2022-09-25 14:26:02.921009','2022-09-25 14:26:02.921068',260,9,2),(251,-8000.00,'Faridpur','Academic','01931932104',NULL,'Arts','2022','00',0.00,'Science','2020','00',4.39,'00','2022-09-25 14:28:42.791885','2022-09-29 12:00:14.364559',261,9,2),(252,-8000.00,'Ishan Gopalpur, Faridpur sadar, Faridpur','Academic','01703125464',NULL,'Commerce','2022','00',0.00,'Commerce','2020','562585',3.61,'1710411478','2022-09-25 14:32:30.552804','2022-09-25 14:32:30.552893',262,9,2),(253,-8000.00,'Goalchamot, Faridpur','Academic','01869054283',NULL,'Commerce','2022','00',0.00,'Commerce','2020','204011',4.82,'00','2022-09-25 14:35:25.016243','2022-09-25 14:35:25.016309',263,9,2),(254,-8000.00,'Chor komlapur, Faridpur','Academic','01519600320',NULL,'Arts','2022','00',0.00,'Science','2020','161689',4.78,'1710414157','2022-09-25 14:38:54.366570','2022-09-25 14:38:54.366623',264,9,2),(255,-8000.00,'Krishnadia, Mukshudpur, Gopalgonj','acadamic','01776615900',NULL,'Commerce','2022','204165',0.00,'Commerce','2020','561506',4.11,'1710391820','2022-09-25 14:59:40.273016','2022-09-29 16:33:12.268224',265,9,2),(256,-8000.00,'East Khabashpur, Faridpur','Academic','01311357446',NULL,'Science','2022','00',0.00,'Science','2020','00',4.56,'00','2022-09-25 15:02:51.078315','2022-09-25 15:02:51.078374',266,9,2),(257,-8000.00,'Komlapur Matia Gorosthan','Academic','01768254478',NULL,'Commerce','2022','00',0.00,'Commerce','2020','00',0.00,'00','2022-09-25 15:09:56.792225','2022-09-25 15:09:56.792289',267,9,2),(258,-8000.00,'Jhiltuli, Old passport office mor','Academic','01313977362',NULL,'Commerce','2022','00',0.00,'Arts','2020','00',4.83,'00','2022-09-25 15:13:36.425409','2022-09-25 15:13:36.425462',268,9,2),(259,-8000.00,'Jhiltuli, Faridpur','Academic','01733952808',NULL,'Science','2055','00',0.00,'Science','2020','00',4.78,'1710408572','2022-09-25 15:17:57.814364','2022-09-25 15:17:57.814415',269,9,2),(260,-8000.00,'Sadarpur, Faridpur','Academic','01727076095',NULL,'Arts','2022','00',0.00,'Arts','2020','361545',5.00,'1710407738','2022-09-25 15:27:33.326388','2022-09-25 15:27:33.326441',270,9,2),(261,-8000.00,'Charvodrashan','Academic','01712482209',NULL,'Arts','2022','00',0.00,'Arts','2020','00',4.61,'1610622556','2022-09-25 15:32:27.650710','2022-09-29 17:34:11.082978',271,9,2),(262,-8000.00,'Saroda Sundori Mohila college hostel','Academic','01719202829',NULL,'Science','2022','00',0.00,'Science','2020','00',4.78,'00','2022-09-25 15:35:28.167509','2022-09-25 15:35:28.167615',272,9,2),(263,-8000.00,'Tepakhola, Faridpur','Academic','01726878085',NULL,'Arts','2022','00',0.00,'Arts','2020','00',3.94,'00','2022-09-25 15:41:03.108168','2022-09-25 15:41:03.108224',273,9,2),(264,-8000.00,'Vanga','Academic','01710921283',NULL,'Arts','2022','00',0.00,'Commerce','2020','00',4.17,'00','2022-09-25 15:50:06.147658','2022-09-30 10:23:19.500612',274,9,2),(265,-8000.00,'Monohorpur','Academic','01704522094',NULL,'Arts','2022','00',0.00,'Science','2020','00',4.61,'00','2022-09-25 15:53:41.306728','2022-09-25 15:53:41.306776',275,9,2),(266,-8000.00,'Guha Lokkhipur, Dhopa bari road, Faridpur','Academic','01789131407',NULL,'Arts','2022','00',0.00,'Science','2020','00',0.00,'00','2022-09-25 16:16:24.977840','2022-09-25 16:16:24.977890',276,9,2),(268,-8000.00,'Jhiltuli, Faridpur','academic','01716403259',NULL,'Arts','2022','00',0.00,'Science','2020','00',5.00,'1710616130','2022-09-26 15:05:34.064691','2022-09-28 11:57:15.659341',278,9,2),(269,-8000.00,'Nogorkanda, Faridpur','Academic','01744118010',NULL,'Commerce','2022','00',0.00,'Commerce','2020','00',3.39,'00','2022-09-26 17:38:02.801556','2022-09-28 10:58:41.448136',279,9,2),(270,-8000.00,'Friends tower, jhiltuli, Faridpur','Academic','01776731543',NULL,'Arts','2022','00',0.00,'Science','2020','00',5.00,'00','2022-09-28 14:47:03.681384','2022-09-28 14:47:03.681489',280,9,2),(271,-8000.00,'Sadarpur, Faridpur','Academic','01867353297',NULL,'Arts','2022','00',0.00,'Science','2020','00',4.72,'00','2022-09-28 14:50:07.319877','2022-09-28 14:50:07.319991',281,9,2),(272,-8000.00,'Sadarpur, Faridpur','Academic','01718568820',NULL,'Arts','2022','00',0.00,'Arts','2020','362463',5.00,'00','2022-09-28 15:05:02.762684','2022-09-28 15:05:02.762754',282,9,2),(273,-8000.00,'Onather mor, Jhiltuli','Academic','01711009738',NULL,'Arts','2022','00',0.00,'Science','2020','00',4.44,'00','2022-09-28 15:08:44.825512','2022-09-30 17:42:06.505481',283,9,2),(274,-8000.00,'Tambulkhana, Faridpur','Academic','01727808864',NULL,'Science','2022','00',0.00,'Science','2020','164143',4.06,'1710409951','2022-09-28 15:11:36.151902','2022-09-28 15:11:36.151982',284,9,2),(275,-8000.00,'Faridpur','Academic','01762827649',NULL,'Commerce','2022','00',0.00,'Commerce','2020','00',3.17,'00','2022-09-28 15:30:15.088975','2022-09-28 15:30:15.089054',285,9,2),(276,-8000.00,'Vajondanga, Faridpur','Academic','01819001329',NULL,'Arts','2022','00',0.00,'Science','2019','00',4.11,'00','2022-09-28 15:34:38.153192','2022-09-29 16:38:45.759885',286,9,2),(277,-8000.00,'Goalchamot, 1no. road, Faridpur','Academic','01888368849',NULL,'Arts','2022','00',0.00,'Science','2020','00',3.89,'00','2022-09-28 15:38:05.057492','2022-09-28 15:38:05.057567',287,9,2),(278,-8000.00,'Tepakhola, Faridpur','Academic','01632681783',NULL,'Science','2022','00',0.00,'Science','2020','00',4.28,'00','2022-09-28 15:41:30.643528','2022-09-28 15:41:30.643580',288,9,2),(279,-8000.00,'2 no. Habeli, Gopalpur','Academic','01632681781',NULL,'Science','2022','00',0.00,'Science','2020','00',4.06,'00','2022-09-28 15:45:06.523497','2022-09-28 15:45:06.523550',289,9,2),(280,-8000.00,'South jhiltuli, Faridpur','Academic','01743282319',NULL,'Arts','2022','00',0.00,'Commerce','2020','00',3.89,'00','2022-09-28 15:48:48.135059','2022-09-28 15:48:48.135122',290,9,2),(281,-8000.00,'Nagarkanda, Faridpur','Academic','01753995248',NULL,'Science','2022','00',0.00,'Science','2020','163374',4.72,'00','2022-09-28 16:04:13.163726','2022-09-29 11:22:04.600801',291,9,2),(282,-8000.00,'South jhiltuli, Faridpur','Academic','01734084326',NULL,'Arts','2022','00',0.00,'Science','2020','161771',4.56,'00','2022-09-28 16:11:56.131103','2022-09-29 11:46:02.999487',292,9,2),(283,-8000.00,'Char Hajiganj, Faridpur','Academic','01718721645',NULL,'Arts','2022','00',0.00,'Science','2020','00',5.00,'00','2022-09-28 16:16:17.499976','2022-09-29 10:42:53.197585',293,9,2),(284,-8000.00,'Piarpur, Faridpur','Academic','01787183262',NULL,'Arts','2022','00',0.00,'Science','2020','00',4.22,'00','2022-09-28 16:22:21.240378','2022-09-29 11:24:07.797372',294,9,2),(285,-8000.00,'Faridpur','Academic','01711188333',NULL,'Science','2022','00',0.00,'Science','2020','203591',5.00,'1710413995','2022-09-28 16:26:43.692547','2022-09-28 16:26:43.692599',295,9,2),(286,-8000.00,'Ambika road, Faridpur','Academic','01765773455',NULL,'Science','2022','00',0.00,'Science','2020','162410',4.44,'1710403516','2022-09-28 16:32:19.375553','2022-09-28 16:32:19.375728',296,9,2),(287,-8000.00,'South jhiltuli, Faridpur','Academic','01712906361',NULL,'Arts','2022','00',0.00,'Science','2020','00',5.00,'00','2022-09-28 16:36:07.673426','2022-09-29 11:51:23.050347',297,9,2),(288,-8000.00,'Faridpur','Academic','01716816310',NULL,'Arts','2022','00',0.00,'Arts','2020','270374',4.56,'00','2022-09-28 16:40:14.986246','2022-09-29 11:02:16.840102',298,9,2),(289,-8000.00,'Jhiltuli, Faridpur','Academic','01776431543',NULL,'Science','2022','00',0.00,'Science','2020','00',5.00,'00','2022-09-28 16:47:16.009359','2022-09-28 16:47:16.009421',299,9,2),(290,-8000.00,'Alipur, Faridpur','Academic','01728938025',NULL,'Commerace','2022','00',0.00,'Commerace','2020','519669',4.00,'1710416331','2022-09-28 16:52:10.217919','2022-09-29 11:10:01.919797',300,9,2),(291,-8000.00,'Alipur, Faridpur','Academic','01772803638',NULL,'Arts','2022','00',0.00,'Arts','2020','369906',4.17,'00','2022-09-28 16:57:08.938865','2022-09-29 12:54:40.361412',301,9,2),(292,-8000.00,'Alipur, Faridpur','Academic','01710824802',NULL,'Arts','2022','00',0.00,'Arts','2020','371142',4.17,'00','2022-09-28 16:59:52.688759','2022-10-01 12:03:10.883874',302,9,2),(293,-8000.00,'Alipur, Faridpur','Academic','01718204129',NULL,'Science','2022','00',0.00,'Science','2020','16545488',4.00,'00','2022-09-28 17:20:04.185205','2022-09-28 17:20:04.185263',303,9,2),(294,-8000.00,'Komlapur, Tetultola, Faridpur','Academic','01703556561',NULL,'Science','2022','00',0.00,'Science','2020','00',3.33,'00','2022-09-28 17:25:21.498230','2022-09-29 09:11:00.115918',304,9,2),(295,-8000.00,'momin khar hat','academic','01782742035',NULL,'Arts','2022',NULL,NULL,'Science','2020','164768',4.00,'1710412854','2022-09-29 10:56:25.466023','2022-09-29 11:03:49.735175',305,9,2),(296,-8000.00,'Karirhat, Sadarpur, faridpur','Academic','01757066932',NULL,'Commerce','2022','00',0.00,'Commerce','2020','560031',4.72,'1710406801','2022-09-29 11:09:05.510196','2022-09-29 11:09:05.510249',306,9,2),(297,-8000.00,'Faridpur','Academic','01311354382',NULL,'Commerce','2022','00',0.00,'Commerce','2020','553431',5.00,'1710400498','2022-09-29 11:12:12.354653','2022-09-29 11:12:12.354713',307,9,2),(298,-8000.00,'Chak Vobanipur, Faridpur sadar, Faridpur','Academic','01915399912',NULL,'Arts','2022','00',0.00,'Arts','2020','00',3.22,'00','2022-09-29 11:30:21.406096','2022-09-29 11:54:14.187366',308,9,2),(299,-8000.00,'Mominkhar hat , Faridpur','academic','01746115575',NULL,'Arts','2022',NULL,NULL,'Arts','2020','369492',4.89,'1710412840','2022-09-29 11:43:21.802468','2022-09-29 11:53:19.103996',309,9,2),(300,-8000.00,'Momin khar hat Faridpur','Academic','01782881670',NULL,'Arts','2022','164752',NULL,'Science','2020','164752',4.28,'1710412829','2022-09-29 11:44:40.474832','2022-09-29 11:56:10.976411',310,9,2),(301,-8000.00,'57/1 Kabi Jasimuddin Sarak, Ombikapur, Faridpur','Academic','01712460688',NULL,'Science','2022','00',0.00,'Science','2020','161809',5.00,'1710414031','2022-09-29 11:47:47.850307','2022-10-01 10:54:41.401349',311,9,2),(302,-8000.00,NULL,'Model Test (HUmanities)','01727010981',NULL,'Arts',NULL,NULL,NULL,'Science',NULL,NULL,NULL,'123','2022-09-29 16:47:08.881590','2022-09-29 16:47:08.881650',312,9,2),(303,-1500.00,NULL,'Model Test (ARTS)','01816259882',NULL,'Arts',NULL,NULL,NULL,'Science','2020','161821',4.89,'1710414026','2022-09-29 16:56:17.636393','2022-09-29 16:56:17.636446',313,9,2),(304,-1500.00,NULL,'Model Test (Science)','01307065555',NULL,'Science',NULL,NULL,NULL,'Science','2020',NULL,5.00,'123','2022-09-29 16:59:40.289987','2022-09-29 16:59:40.290035',314,9,2),(305,-1500.00,'null','Model Test (Arts)','01789882145',NULL,'Arts',NULL,NULL,NULL,'Science','2020',NULL,4.71,'123','2022-09-29 17:02:49.817146','2022-09-29 17:07:11.922973',315,9,2),(306,-1500.00,NULL,'Model Test (Humanities)','01764098715',NULL,'Arts',NULL,NULL,NULL,'Science','2020',NULL,4.67,'123','2022-09-29 17:06:44.687686','2022-09-29 17:06:44.687765',316,9,2),(307,-8000.00,NULL,'Model Test (Arts)','01726253393',NULL,'Arts',NULL,NULL,NULL,'Science','2020',NULL,4.83,'123','2022-09-30 16:31:13.211197','2022-09-30 16:31:13.211251',317,9,2),(308,-8000.00,NULL,'Model Test (Arts)','01731418049',NULL,'Arts',NULL,NULL,NULL,'Science','2020',NULL,4.89,'12','2022-09-30 16:33:49.756191','2022-09-30 16:33:49.756247',318,9,2),(309,-8000.00,NULL,'Model Test (Arts)','01718453977',NULL,'Arts',NULL,NULL,NULL,'Science','2020',NULL,4.93,'12','2022-09-30 16:36:15.824496','2022-09-30 16:36:15.824559',319,9,2),(310,-8000.00,NULL,'Model Test (Arts)','01711939331',NULL,'Arts',NULL,NULL,NULL,'Science','2020',NULL,4.72,'12','2022-09-30 16:38:21.187502','2022-09-30 16:38:21.187602',320,9,2),(311,-8000.00,NULL,'regular','01711003328',NULL,'Arts',NULL,NULL,NULL,'Science','2020',NULL,4.00,'12','2022-09-30 16:48:56.775449','2022-09-30 16:48:56.775537',321,9,2),(312,-8000.00,NULL,'Regular','01729270932',NULL,'Arts',NULL,NULL,NULL,'Science','2020','353203',4.17,'1710414527','2022-09-30 17:09:29.829086','2022-09-30 17:09:29.829145',322,9,2),(313,-8000.00,'DIB Bottola, Komlapur, Faridpur','Academic','01531731266',NULL,'Science','2025','00',0.00,'Science','2020','00',5.00,'1710415562','2022-10-01 11:04:41.819888','2022-10-01 11:04:41.819946',323,9,2);
/*!40000 ALTER TABLE `account_student` ENABLE KEYS */;
UNLOCK TABLES;

--
-- Table structure for table `account_teacher`
--

DROP TABLE IF EXISTS `account_teacher`;
/*!40101 SET @saved_cs_client     = @@character_set_client */;
/*!50503 SET character_set_client = utf8mb4 */;
CREATE TABLE `account_teacher` (
  `id` bigint NOT NULL AUTO_INCREMENT,
  `balance` decimal(10,2) NOT NULL,
  `address` varchar(150) DEFAULT NULL,
  `created_at` datetime(6) NOT NULL,
  `updated_at` datetime(6) NOT NULL,
  `account_id` bigint NOT NULL,
  `organization_id` bigint NOT NULL,
  PRIMARY KEY (`id`),
  UNIQUE KEY `account_id` (`account_id`),
  KEY `account_teacher_organization_id_a9760714_fk_account_o` (`organization_id`),
  CONSTRAINT `account_teacher_account_id_b0735181_fk_account_account_id` FOREIGN KEY (`account_id`) REFERENCES `account_account` (`id`),
  CONSTRAINT `account_teacher_organization_id_a9760714_fk_account_o` FOREIGN KEY (`organization_id`) REFERENCES `account_organization` (`id`)
) ENGINE=InnoDB AUTO_INCREMENT=4 DEFAULT CHARSET=utf8mb3;
/*!40101 SET character_set_client = @saved_cs_client */;

--
-- Dumping data for table `account_teacher`
--

LOCK TABLES `account_teacher` WRITE;
/*!40000 ALTER TABLE `account_teacher` DISABLE KEYS */;
INSERT INTO `account_teacher` VALUES (1,1000.00,'BD','2022-07-26 17:51:43.495641','2022-08-19 12:06:49.080395',5,1),(2,0.00,'BD','2022-07-27 18:21:30.236622','2022-07-27 19:31:35.647012',7,1),(3,1000.00,'Jheeltuly Faridpur','2022-08-04 12:38:19.325716','2022-09-25 15:54:18.486174',14,2);
/*!40000 ALTER TABLE `account_teacher` ENABLE KEYS */;
UNLOCK TABLES;

--
-- Table structure for table `auth_group`
--

DROP TABLE IF EXISTS `auth_group`;
/*!40101 SET @saved_cs_client     = @@character_set_client */;
/*!50503 SET character_set_client = utf8mb4 */;
CREATE TABLE `auth_group` (
  `id` int NOT NULL AUTO_INCREMENT,
  `name` varchar(150) NOT NULL,
  PRIMARY KEY (`id`),
  UNIQUE KEY `name` (`name`)
) ENGINE=InnoDB DEFAULT CHARSET=utf8mb3;
/*!40101 SET character_set_client = @saved_cs_client */;

--
-- Dumping data for table `auth_group`
--

LOCK TABLES `auth_group` WRITE;
/*!40000 ALTER TABLE `auth_group` DISABLE KEYS */;
/*!40000 ALTER TABLE `auth_group` ENABLE KEYS */;
UNLOCK TABLES;

--
-- Table structure for table `auth_group_permissions`
--

DROP TABLE IF EXISTS `auth_group_permissions`;
/*!40101 SET @saved_cs_client     = @@character_set_client */;
/*!50503 SET character_set_client = utf8mb4 */;
CREATE TABLE `auth_group_permissions` (
  `id` bigint NOT NULL AUTO_INCREMENT,
  `group_id` int NOT NULL,
  `permission_id` int NOT NULL,
  PRIMARY KEY (`id`),
  UNIQUE KEY `auth_group_permissions_group_id_permission_id_0cd325b0_uniq` (`group_id`,`permission_id`),
  KEY `auth_group_permissio_permission_id_84c5c92e_fk_auth_perm` (`permission_id`),
  CONSTRAINT `auth_group_permissio_permission_id_84c5c92e_fk_auth_perm` FOREIGN KEY (`permission_id`) REFERENCES `auth_permission` (`id`),
  CONSTRAINT `auth_group_permissions_group_id_b120cbf9_fk_auth_group_id` FOREIGN KEY (`group_id`) REFERENCES `auth_group` (`id`)
) ENGINE=InnoDB DEFAULT CHARSET=utf8mb3;
/*!40101 SET character_set_client = @saved_cs_client */;

--
-- Dumping data for table `auth_group_permissions`
--

LOCK TABLES `auth_group_permissions` WRITE;
/*!40000 ALTER TABLE `auth_group_permissions` DISABLE KEYS */;
/*!40000 ALTER TABLE `auth_group_permissions` ENABLE KEYS */;
UNLOCK TABLES;

--
-- Table structure for table `auth_permission`
--

DROP TABLE IF EXISTS `auth_permission`;
/*!40101 SET @saved_cs_client     = @@character_set_client */;
/*!50503 SET character_set_client = utf8mb4 */;
CREATE TABLE `auth_permission` (
  `id` int NOT NULL AUTO_INCREMENT,
  `name` varchar(255) NOT NULL,
  `content_type_id` int NOT NULL,
  `codename` varchar(100) NOT NULL,
  PRIMARY KEY (`id`),
  UNIQUE KEY `auth_permission_content_type_id_codename_01ab375a_uniq` (`content_type_id`,`codename`),
  CONSTRAINT `auth_permission_content_type_id_2f476e4b_fk_django_co` FOREIGN KEY (`content_type_id`) REFERENCES `django_content_type` (`id`)
) ENGINE=InnoDB AUTO_INCREMENT=77 DEFAULT CHARSET=utf8mb3;
/*!40101 SET character_set_client = @saved_cs_client */;

--
-- Dumping data for table `auth_permission`
--

LOCK TABLES `auth_permission` WRITE;
/*!40000 ALTER TABLE `auth_permission` DISABLE KEYS */;
INSERT INTO `auth_permission` VALUES (1,'Can add log entry',1,'add_logentry'),(2,'Can change log entry',1,'change_logentry'),(3,'Can delete log entry',1,'delete_logentry'),(4,'Can view log entry',1,'view_logentry'),(5,'Can add permission',2,'add_permission'),(6,'Can change permission',2,'change_permission'),(7,'Can delete permission',2,'delete_permission'),(8,'Can view permission',2,'view_permission'),(9,'Can add group',3,'add_group'),(10,'Can change group',3,'change_group'),(11,'Can delete group',3,'delete_group'),(12,'Can view group',3,'view_group'),(13,'Can add content type',4,'add_contenttype'),(14,'Can change content type',4,'change_contenttype'),(15,'Can delete content type',4,'delete_contenttype'),(16,'Can view content type',4,'view_contenttype'),(17,'Can add session',5,'add_session'),(18,'Can change session',5,'change_session'),(19,'Can delete session',5,'delete_session'),(20,'Can view session',5,'view_session'),(21,'Can add Token',6,'add_token'),(22,'Can change Token',6,'change_token'),(23,'Can delete Token',6,'delete_token'),(24,'Can view Token',6,'view_token'),(25,'Can add token',7,'add_tokenproxy'),(26,'Can change token',7,'change_tokenproxy'),(27,'Can delete token',7,'delete_tokenproxy'),(28,'Can view token',7,'view_tokenproxy'),(29,'Can add account',8,'add_account'),(30,'Can change account',8,'change_account'),(31,'Can delete account',8,'delete_account'),(32,'Can view account',8,'view_account'),(33,'Can add batch',9,'add_batch'),(34,'Can change batch',9,'change_batch'),(35,'Can delete batch',9,'delete_batch'),(36,'Can view batch',9,'view_batch'),(37,'Can add organization',10,'add_organization'),(38,'Can change organization',10,'change_organization'),(39,'Can delete organization',10,'delete_organization'),(40,'Can view organization',10,'view_organization'),(41,'Can add teacher',11,'add_teacher'),(42,'Can change teacher',11,'change_teacher'),(43,'Can delete teacher',11,'delete_teacher'),(44,'Can view teacher',11,'view_teacher'),(45,'Can add student',12,'add_student'),(46,'Can change student',12,'change_student'),(47,'Can delete student',12,'delete_student'),(48,'Can view student',12,'view_student'),(49,'Can add staff',13,'add_staff'),(50,'Can change staff',13,'change_staff'),(51,'Can delete staff',13,'delete_staff'),(52,'Can view staff',13,'view_staff'),(53,'Can add course',14,'add_course'),(54,'Can change course',14,'change_course'),(55,'Can delete course',14,'delete_course'),(56,'Can view course',14,'view_course'),(57,'Can add exam',15,'add_exam'),(58,'Can change exam',15,'change_exam'),(59,'Can delete exam',15,'delete_exam'),(60,'Can view exam',15,'view_exam'),(61,'Can add result',16,'add_result'),(62,'Can change result',16,'change_result'),(63,'Can delete result',16,'delete_result'),(64,'Can view result',16,'view_result'),(65,'Can add payments',17,'add_payments'),(66,'Can change payments',17,'change_payments'),(67,'Can delete payments',17,'delete_payments'),(68,'Can view payments',17,'view_payments'),(69,'Can add payment',18,'add_payment'),(70,'Can change payment',18,'change_payment'),(71,'Can delete payment',18,'delete_payment'),(72,'Can view payment',18,'view_payment'),(73,'Can add notification',19,'add_notification'),(74,'Can change notification',19,'change_notification'),(75,'Can delete notification',19,'delete_notification'),(76,'Can view notification',19,'view_notification');
/*!40000 ALTER TABLE `auth_permission` ENABLE KEYS */;
UNLOCK TABLES;

--
-- Table structure for table `authtoken_token`
--

DROP TABLE IF EXISTS `authtoken_token`;
/*!40101 SET @saved_cs_client     = @@character_set_client */;
/*!50503 SET character_set_client = utf8mb4 */;
CREATE TABLE `authtoken_token` (
  `key` varchar(40) NOT NULL,
  `created` datetime(6) NOT NULL,
  `user_id` bigint NOT NULL,
  PRIMARY KEY (`key`),
  UNIQUE KEY `user_id` (`user_id`),
  CONSTRAINT `authtoken_token_user_id_35299eff_fk_account_account_id` FOREIGN KEY (`user_id`) REFERENCES `account_account` (`id`)
) ENGINE=InnoDB DEFAULT CHARSET=utf8mb3;
/*!40101 SET character_set_client = @saved_cs_client */;

--
-- Dumping data for table `authtoken_token`
--

LOCK TABLES `authtoken_token` WRITE;
/*!40000 ALTER TABLE `authtoken_token` DISABLE KEYS */;
INSERT INTO `authtoken_token` VALUES ('00538ab548488bd768473a048c6df9ed8c489ac6','2022-09-24 18:32:04.949930',199),('005ff8d404d8708c8b86d55c6b667afaef9cd959','2022-08-06 14:11:14.098416',43),('012ff67cd3a081b8624f126853b13d6e08759cd5','2022-09-25 15:27:33.323989',270),('02134367874ee7ec249edbab88bc0caffbe5a1bb','2022-08-06 12:52:41.316008',17),('021d3aac229878f7bdbdaef22d269d22064507a0','2022-09-25 12:57:27.553909',243),('045fb8551c08f3aff832b7783c555ffd5baa1324','2022-09-25 13:53:30.432424',250),('046ca2b29875dcf57eeff087c2f2095530d481c7','2022-08-21 12:57:25.416883',148),('050674a344d93493936364c0097f70b1a79943b6','2022-09-24 19:15:04.065101',211),('051f59c0c1209046a51932a9135e2a224165efb0','2022-09-24 18:25:29.386976',196),('0521891eea3bd9383f0af06bb3423368d96c2a20','2022-08-10 18:24:54.776343',84),('056e14335b44abec3fd9fa5fdcee363072152568','2022-09-02 11:39:57.034223',180),('05e6bf10144aca918ef27b4d7c0d8558bdb20e1d','2022-08-28 11:16:07.350156',165),('06b23415b2996e6b18958a0b58208722369cb1b1','2022-08-17 18:20:55.096119',109),('0834031da421d0f899c6ed42c5d79e07ba168c87','2022-08-22 11:00:42.923696',156),('0919ab4e3bb4acfe0a7766eb753e83260ef7a143','2022-09-25 15:50:06.145214',274),('0b0b59f38b376784737e5e5277de538f267ac388','2022-09-25 10:32:06.452944',234),('0bde8d78b921a786b71235f58e501a1fcc37efeb','2022-09-24 18:42:35.983313',203),('0befe557fb8b5ce71ae5de07f5b79f327af9105c','2022-08-11 18:41:22.319181',96),('0cc0053d72ca9e16e1c1d2aed9f145a8ff10089b','2022-08-09 15:35:04.911056',77),('0d799924771e730c6333559a92e2ce806dbc7ef8','2022-08-06 13:24:44.317778',26),('0e76becd433b2b74c1402c597b822eccb43f44bd','2022-08-06 14:00:14.716787',38),('0f0afb492ac9eec16b0563c7a5505bc8c1160ff7','2022-09-28 17:20:04.182679',303),('0f2367ffce49fc3d8e8580bb857b632ef5670626','2022-09-25 15:35:28.161928',272),('10e840c52fae79518f0c6b4a805490ff004b4c45','2022-09-28 14:47:03.675986',280),('13c88bbfc9d0b4fa30b3a3a0b6949376834efc94','2022-09-25 14:02:38.259184',254),('1403dbb7e08431a2aae9362790359375a5b581c6','2022-09-26 15:05:34.061875',278),('15dd539be691d646483502aee4d6993b084f52f6','2022-08-22 11:13:59.326392',160),('17c7b00abed2455f964865bec724179afe0784e4','2022-08-06 14:56:11.054702',61),('187e1b6aedfc5c996a4bdbfe018304a56ac67f0e','2022-09-02 11:17:59.274686',176),('19d1c09bc9ebbb5f4d36d039d96565f84c7f3416','2022-09-29 16:56:17.633701',313),('1ad2c401b730379e3f72603e81bc1d21d9cf8711','2022-08-06 14:30:06.368806',53),('1b350a7509d724d2c0ac3fe8ee583e3c3b2e8fa7','2022-09-24 19:19:38.790122',212),('1d536c11edf8cc26d3b81eb0576bb4c994812732','2022-08-21 12:42:04.643342',143),('1f0afae4cf6f3202e871d5a0c888fdabef88261c','2022-08-06 14:32:49.944695',54),('1f8b63a8cb92684de4e05a0c75e5aa350302dc0a','2022-08-11 14:02:07.714096',91),('20ad9bf11f836803383009d7ab750f8fe962b2c7','2022-09-25 14:26:02.918460',260),('21775f6bde8e33515b05fd49a324fd0128327747','2022-09-25 10:37:11.900034',235),('2187fd21d0af56b98b3adfbd5fdefb4efe914268','2022-09-24 18:33:58.944007',200),('2288bdae8ed07f421df3bc37b4f04f067977c59c','2022-08-14 15:54:38.522080',104),('229e0c829814b75efd0d6a829398c7c2eaec0f48','2022-09-25 13:42:07.477657',247),('2516a5236b2465128cd7727819d70432b72418c3','2022-09-24 18:58:59.786940',207),('25469fbbeaaa81dbb0006b47639e5d82df9aeead','2022-08-21 12:45:17.916499',144),('258307115a2465770e4dabc790d44921385804c2','2022-09-26 17:38:02.799202',279),('263663a0cfbd07feb354154ff34e1ac8ba455817','2022-09-25 14:59:40.270301',265),('269d258a0c31451a4bc605a8710f0947f5905eee','2022-08-02 18:28:17.754000',13),('26dae6fce468e5958c45d5aba7ac38c282122620','2022-08-21 12:50:33.397917',146),('280c74e76d602d4f46156c5f5ab889c39e50ad9b','2022-09-25 10:30:33.737446',233),('2896f74269e570c077275a4773bfde4e63ff7e37','2022-09-25 11:13:11.027290',241),('28fdfe3f28a4f7b93af9244748eaad85de6b1d74','2022-09-25 13:48:28.027142',248),('2be44b700977d6ee046b65b0bdc79bfbf559e714','2022-09-25 10:15:55.903356',230),('2e6c21b6d8748d7dd470059c1846f53882919257','2022-08-06 15:29:40.424606',69),('2eb0db02a518c0774ba0386e66b52bf06d1fa0c5','2022-08-11 19:55:54.007312',98),('2f31b70e5b06e5aeece5dcd424c4dff33bcafa4c','2022-09-25 14:05:08.832660',256),('2f96c8b228b36397bfd8e04dd497da022556bc5f','2022-08-22 10:51:35.311117',153),('2fb3b72723ab986c234761490e4cd58a215d0e78','2022-08-21 12:30:54.472300',139),('30589198140deb42572fdd4730da6fa6fd8ec90d','2022-08-18 11:15:15.800779',128),('319657e4fef9fe759c6c70d1c51c1fbda89ebec8','2022-09-25 13:00:33.006362',244),('31d7386d56fdce74958ae00eb04c7958794d69e3','2022-08-21 13:00:09.420747',149),('321082cd01bd8ca504cb7388ee8df489028eb074','2022-08-22 11:03:46.834832',157),('329bf79b53ed36b0a51275a58cd70725509afc2b','2022-08-15 10:14:02.899062',105),('33d5022850b41275e0bf9d64ec868b3dac5ad4e7','2022-09-24 19:09:01.694556',210),('34df7db04c7c95a883ad5f708b031d45e3d66484','2022-08-21 12:25:02.640030',137),('36ac74a7823e49fad75c9cd58191c1d1db6c787d','2022-09-02 11:27:30.878538',179),('397dd36230c9e2cd4184203c10971ed56ca2d5d8','2022-08-18 10:56:54.567677',123),('3b6829fe3d1a025ca36b8b956f60d48f7ec45c17','2022-09-25 15:41:03.105711',273),('3ccbbf95c6a44274650421f0658efb3dd3112682','2022-09-28 15:41:30.641329',288),('3cf29f81549c4acbf1d8ebd93094e6eacc0334fa','2022-09-29 11:30:21.403811',308),('3db7aa588bf73397a2408fd47cadef3cbc030785','2022-08-10 18:54:14.877292',87),('3e4bc8f30413b3bcc2ab6520ec57d1c437a89ea6','2022-09-29 11:09:05.507824',306),('3e7ff2897ccd751cc892373d7b823b1f92cb1539','2022-08-18 09:56:36.225096',117),('3f23108c8a931f443653234ef91e2abce35baf4b','2022-08-06 15:10:59.087081',64),('3fc86dca6555f77f3ef8ee90309e0ac754c05b52','2022-08-18 10:52:28.890554',122),('40462907b280f543af05b520d2066e98fe1d068b','2022-09-25 10:04:16.047602',229),('40b5461aba261784986cf055ad1afa716a8152f7','2022-08-06 14:14:16.418465',44),('41519c7850cb5208a116970cf9bcd7fe04851321','2022-09-28 16:16:17.497683',293),('41b674e5a3be44f08048c27adbf51dec48a31d09','2022-09-28 15:48:48.131360',290),('422955c72bd82e4024dba247b32614c98dcd1476','2022-08-21 12:54:07.524324',147),('43d2c844054f0d3e9dff28fa94d95a4dee96c016','2022-09-24 18:23:46.675106',195),('44a0625a48d94eef600a3de2fe9e3b0897aa3f7d','2022-08-21 13:06:35.432783',150),('44f99a802c8cc6b1d989e488b1cbabadf2daeea8','2022-08-11 13:55:40.519712',90),('455a28c0f22c6b79064768699aa475fe072bb624','2022-09-25 09:30:05.149426',223),('45b29f0217636dc2118301b4a6e2dd51727682ef','2022-08-06 15:40:32.570381',73),('464b942c688addfce7d353fbf577599383cc92cb','2022-08-06 14:10:02.362856',42),('46c0f23a4c5629a39eb38370cdb289b48a9d65df','2022-09-25 11:31:01.034617',242),('470ad2a2734281380e279f7f4c4ccf597f7e6547','2022-08-17 18:35:50.986040',113),('47173af67b9ebdd9cfd2db37be35a38b9d26b231','2022-08-28 11:31:10.028075',170),('473ec00c9cd11eb8f0fdc3a0d7c2045483292e76','2022-08-21 12:28:27.596717',138),('481fbdc4884e6e4a52ad949cbe679cbb5a9d48c4','2022-09-29 11:12:12.352488',307),('487a58040ce6afbb6e20771b4baad5461a0395c4','2022-09-28 16:22:21.237774',294),('487ec3b613102af0e700982a70b21a86b048e3a2','2022-08-11 19:59:34.615261',99),('4a0dd35c669e52730c2542832c6f9b1ef2c66440','2022-09-24 19:51:13.999302',220),('4a700495e5bc2383570d150594c7422f856f5fb3','2022-09-28 16:36:07.671305',297),('4c07d4223e03e91385969c0ca747ab97a1656b55','2022-09-25 13:59:51.803210',253),('4cddcefeba6c50109c39173490f9fdfa20fde1bb','2022-09-30 16:36:15.821942',319),('4e1574fbbb27f7399bb4f3ed64dd362eeb2088fc','2022-09-02 11:15:20.691954',175),('4f4f3f2c2e69d63892b78a24b4dd2a362dfe2d9d','2022-09-30 16:38:21.185348',320),('5059a4e4c8e326e1efbffbf3ba4a572c3df50fe4','2022-08-28 11:19:18.265821',166),('50e97ecb3edb2a29a3bee29a2b989e1cca7a1e08','2022-09-28 15:08:44.823192',283),('51baa1c2e8a1c44321cd21acebd234070296c5a8','2022-09-25 09:49:07.208083',225),('52b189c772c9eef82aaf3432061693dc21793452','2022-08-06 15:35:15.845481',71),('5318ac2575ffe76c4aac0b529e1a47e33cfb3e89','2022-08-06 13:37:08.433830',32),('535eb9c6af04abe23f31d37ac41dae0743c71f11','2022-09-24 19:30:15.310749',215),('53833db3de329545af7eb3d8211987dd7ee5ee9a','2022-08-06 15:26:08.212825',67),('5680365d96c8834eefa54bdc5b29ebbb852edcff','2022-09-28 16:26:43.689863',295),('56a31a26f81b4114412bcce07526e7be90dd3195','2022-08-06 15:38:16.496610',72),('56fee795040c1e26dfce32e0a0f83167dc621365','2022-08-28 15:22:17.565992',171),('570da3e8c77b99c68af0ef92d7e313204a524dde','2022-08-10 18:50:22.046436',86),('57c114934fcb910e2ea91cc24f5f0fe6fc8776e2','2022-09-25 15:53:41.304614',275),('58e6b75065acdea039d2129d00e342737c3464b5','2022-08-06 13:14:13.096009',22),('59c1824ba4959ca58b3a87e78cf556d690534242','2022-08-11 20:02:16.550083',100),('5a9c90b0b1c8ecd5a0c9d467cbcaaa6e61abea1b','2022-09-25 14:18:17.718181',259),('5ab9801608cccf796303107f76bbbfdd73aecef9','2022-09-25 10:46:18.651326',239),('5b34a205da9fc8d91d7b28bc8999d91739aea5dd','2022-08-21 12:22:18.761800',136),('5e74b61f1963e0010cf3c690afb9c85e70601819','2022-09-02 11:06:01.472009',173),('615d372ae48b6f6544697a6ad1994a6d7db9f23e','2022-09-29 11:43:21.799524',309),('61653f67d0d6e7e3b179fcf6d12621fe7a06c33b','2022-08-11 14:09:25.147183',93),('618f45d71919345338e12fb35a5c863e509e22af','2022-08-06 13:52:40.940191',34),('618fdcc551ae88de7565826d50cefed5f2b2bb66','2022-09-25 13:26:33.663726',245),('61dd1e4f3aeb5a596c06ab83a468db034a764f85','2022-10-01 11:04:41.817474',323),('6229e351d856553df4d8a35e370c3d579835c46e','2022-08-13 11:57:06.277717',103),('62ae447f97033829e1c534bd1593b59841abcff4','2022-08-06 14:58:16.936241',62),('64cc1c5e416d7e02fb140a14a8ae1c48faacf2bd','2022-08-18 14:39:44.913927',133),('656558844617e399ace04b1c5244e7db04ee91c9','2022-09-24 18:51:23.960381',205),('65b2662648a236378359d9b156481bcd030b90e9','2022-08-09 15:27:29.345888',76),('6650299355dc3b7695d24368ab1efe4a54919f1a','2022-08-06 13:03:44.841832',19),('66ba492c426f08708ea26cfa4545bfba0fd358a5','2022-08-10 09:49:35.743604',80),('684983124b83290a2d639206edc72c2ad3df1b49','2022-08-09 17:16:51.317465',78),('696d0b869ad43e122ae3801a855c5149c4d685a5','2022-08-10 09:46:29.677113',79),('6a813d8d13db81654b2b0876490e36e949597687','2022-09-30 16:31:13.208376',317),('6b409aa7e6bd0ceaf39ab350d29a1d5452298e77','2022-08-18 10:00:55.811584',118),('6b8374bb15a654e7dd12cb5adb73c1827d9cac30','2022-08-06 14:26:51.788071',50),('6c3cca0953c9ba54e86eca087bb1370c4625c7e6','2022-09-24 18:40:32.000127',202),('6e0a76eac584943e03a30813713a3b39bcc764fd','2022-09-28 15:38:05.053072',287),('6e1ee092256d277909f35f87439677f1345635f9','2022-08-06 15:04:00.488354',63),('6e320e4ffb5992e79f20a6dd779c31924d5c6205','2022-09-25 09:42:36.977727',224),('6fb878eb6ba2ff162eacc95ab482deaf0adac115','2022-08-28 10:13:17.222043',162),('70716b1055d62504c60327dc91daa1c2f10abbb0','2022-08-17 18:39:24.556493',114),('71267b1ac871e06ef1cb27ef527be9582495db53','2022-08-22 10:54:28.901338',154),('715891d5dad8e2ee7f554554b03ec669610da6dd','2022-08-22 12:37:51.945428',161),('7212bf1ad1f287a061a999d1562b84e2840298e2','2022-09-24 19:49:08.231303',219),('734f56c62971f6ffcf11608658f4405b4d8ed236','2022-09-29 17:06:44.684621',316),('745edb6d322f9e229c47200782ec3823d24b5e54','2022-08-06 14:33:17.584584',55),('752ecf7e90ac451b51bd5e6032a9365554da73a1','2022-09-25 13:59:51.265015',252),('7686c99d9d1be0c271d3f473d65435f1b48e6e40','2022-08-02 18:21:29.794831',12),('7710b4825e2df295809be443e380885eefae946d','2022-08-11 14:14:16.142832',94),('7737cca58e10bb23065fb412d690789ef3adfdde','2022-08-06 13:55:39.486356',37),('77ad22b6f24a78cf723bf45e7277467a16575449','2022-09-28 16:04:13.161354',291),('78468d2942943280425bc68ec6b31b4fd2047a64','2022-08-06 15:21:31.598058',66),('78aab05318d476390cd03b37c121c5f9e1b6047b','2022-08-04 12:38:19.322327',14),('7945b431dff853d11e22df3f27766972a4f73094','2022-08-18 14:43:28.298016',134),('794947d0204c91073fe3b6cb36487fd96df66586','2022-08-06 14:43:54.087784',58),('79923922f1d92e9df6edb94f6fc27fe85714a24d','2022-09-30 16:33:49.753667',318),('79d62438cb7eef612d0d7f859b2a3140cbe997a2','2022-09-24 19:33:31.121326',216),('7a45f1f51eb4e8bf5adce867d20621476f8246e5','2022-09-25 10:43:23.929462',238),('7a91af8871d369ca2cd4ff5478c4fd81077dd370','2022-08-18 10:43:27.580740',121),('7ae56bb18925b20fd6fd4c6e247e00625b33ee71','2022-09-25 14:10:29.046436',257),('7b4b1173655f1948c97b92a69be2403d4aba90ee','2022-09-25 10:21:51.925810',231),('7ba56d11b56294d72c8d6ecb9209aff660b003e3','2022-07-25 18:00:54.074688',1),('7bd4a47bae9b421d4f644e9a1a17dbfd08a93bc6','2022-07-26 17:51:43.481726',5),('7de9597a9a0cdaeeb584dfa6b12cf39621d6ce6b','2022-08-11 14:06:15.357767',92),('7e613d4e2926097e2b08d93ec18742ad9ce8ff04','2022-09-24 18:53:34.934424',206),('7f43d0f8cae97defda0f71f27bb2b9dedbc43688','2022-08-21 12:48:21.271788',145),('80ad8eac428124afb80e2a88b5562f0bce3d14fe','2022-08-17 18:28:37.484223',111),('80d5d89c2ed79e12121ec30f4f89a4246345b8d8','2022-09-25 10:40:08.827435',236),('81ea459f501f063d915812cbfda826c42b0c00f7','2022-08-06 14:23:49.296624',49),('81ff76edbb1bde72e9473e59a19d9a3b52995dbc','2022-09-24 19:53:04.763404',221),('845342b8447195de414bfa7192d77021a77c3c7b','2022-08-17 18:18:43.676595',108),('85d0d9c452e82fe7ac1a245caf04505b0ef01ac3','2022-08-11 20:04:46.385550',101),('871a83cb0ae7c5610052a70601b41e7e28399892','2022-09-29 16:59:40.287526',314),('87ca464946482a4c791ffdaed0073ca36cd8e527','2022-09-25 10:00:39.900740',228),('880d0cfc9aa14c4b7d39bfa6e12388616d8f601e','2022-09-24 18:27:59.008187',197),('8852c17ed1462e74ccf9db59180bc65fb36c813d','2022-09-25 13:37:11.348037',246),('889fa532e846d7b1b7c3a3f41abacdadcf747713','2022-08-17 18:24:49.163310',110),('88adc45fbb82349b08c337f3d32c587003c950c1','2022-09-02 11:49:59.637007',184),('89af03d8ea3d6df6761893b7fd06ea5e396519eb','2022-09-28 16:47:16.006552',299),('8a068cd87806a0481d316cbe2214a2563378550e','2022-08-10 10:47:48.038180',81),('8ac14657f6afa3a137b9210f9597a700d77ccca5','2022-08-06 15:45:41.627400',74),('8b03629008c689fd3a09117496d66ebf10251d54','2022-08-22 11:10:37.684655',159),('8b0ce964027dc70adbd313c1fced076a2d7fd985','2022-09-28 17:25:21.496317',304),('8b59fbb29e441958be298cf9e80ed758da07ff64','2022-08-18 10:59:30.213973',124),('8bd1de548f87d0de74095d6af8de694e79c38ddf','2022-09-24 18:29:52.570914',198),('8d13e0085d13390fedff3929658e8e3aea50b668','2022-09-24 18:38:21.450195',201),('8dbef42db81ee085baab60d22e834b4d45867bd4','2022-08-06 13:29:46.060123',29),('8e1952172614db22345c7963e86b54691bc05e8c','2022-08-06 14:36:55.241750',56),('8e5653b62e445abbca4970809e6f60c60707e0e2','2022-08-21 12:39:00.703840',142),('8f77fa19b6d4e3978bd5c55a439a3ef16b09b7d7','2022-09-28 16:59:52.685636',302),('912aadffc3c20dcf901031a8d6bdf0a450ca1cd6','2022-09-29 17:02:49.814969',315),('919684259580e0d5fb06dc49480a3f6c7f6a4abf','2022-08-06 13:52:56.156347',35),('924bdcbea9ae402bf130e015fed52f9e735e0a6c','2022-08-28 11:21:29.018340',167),('938626b48d020d787abc2d635994792d442f69fc','2022-08-11 10:29:36.858064',88),('9478ad56742b315778109e31a032bbde68acadba','2022-09-25 15:09:56.787527',267),('95c6ddf80c7fef04e4c09321585deef0060a9516','2022-09-25 15:32:27.648642',271),('9617300fbd32c392ccb591cd71c180970628ddb1','2022-09-24 19:22:21.828958',213),('9683be6dec864f137e83eadbc093604827c41249','2022-08-11 18:34:54.105414',95),('979b6b4662b8722d128c79dcd9360ade2cf50126','2022-08-06 13:55:33.662284',36),('98cb80ce45a8d636b0f4b3776836985e2133eef4','2022-09-25 09:57:13.541109',227),('9a4cbc920688761b5fed3fc8228e06e8bd59ae3c','2022-09-24 18:21:41.393672',194),('9b62bf8dcabd9a736497aaf1a5140d6aad8cb8e1','2022-07-25 18:04:11.788424',2),('9c87177c8f7b63332417d32a2984e00825b5e7f9','2022-08-07 14:32:59.523749',75),('9d2773528710a6babb380bf7ccb6bca444ee954b','2022-09-24 17:33:20.564421',192),('9e1784fe768baa1a201b52044d266b1d895ad73c','2022-08-22 11:06:50.436880',158),('9ea78cd72baab9b1eadd666ae400a6bcda847272','2022-08-18 14:29:11.344073',130),('9eb947acb62825c15709e546a9a688316c6a8601','2022-09-02 11:52:19.657870',185),('a063249320b6926289c3c3bab332754650a50c14','2022-08-06 13:10:56.817067',21),('a1bafff5bab418022dc4a05457c810c735560d6c','2022-08-06 14:07:33.483496',41),('a1f3111674a98ee82d8b3f8661b44060bd00cde1','2022-08-06 14:27:33.321561',51),('a276df0e73056a6db754b8ce6d3c2feaa2de396c','2022-09-29 10:56:25.458867',305),('a27a807d28d7e1ac158a0f24be7b262b3ca7d78d','2022-08-06 15:28:34.744218',68),('a4013ed9afeb053edafb45496c53da3a5113b4c2','2022-08-06 14:19:52.593296',47),('a4a9ebb787969c49da85fc6a91951acf90cf2c1d','2022-08-21 12:33:56.842021',140),('a5fa3086644fc21a6b0999cb965b11d23be14fd3','2022-07-31 11:18:58.022875',9),('a72d0c633e91d3e0831d897cb3204cbd509092b6','2022-09-25 09:51:31.113343',226),('a955570319b5fd55667c3ee590a0955000c53ff1','2022-09-02 11:25:18.710661',178),('a9b2de38347192848028961363869b85164d5eac','2022-09-24 18:17:39.680445',193),('ac20455bb3bb321fe77fd2be8d0b18f9a9c5632b','2022-09-25 14:35:25.013946',263),('acabc388a3a8051c93a228bdac6dea13757a2077','2022-07-27 18:21:30.234661',7),('aea2d413d655324e9038e9117c917edb06fbf992','2022-09-24 19:05:44.431140',209),('b041ea2acf1dbf673db4772b158e04c57b082a19','2022-09-25 14:38:54.364464',264),('b06a6f7788d8019447a103876483dc8798e3e8dd','2022-08-10 18:45:47.370657',85),('b168b7fcf52a9c97ee7b3343c5e04e7f784a2cea','2022-08-21 13:24:09.683305',151),('b2a82e075836d9cd4ff7213f7955bc0132d6de54','2022-08-06 14:48:10.705603',59),('b31adcafd5596a33e5e7aca19f0d65ebcff2793e','2022-07-26 13:01:30.282828',4),('b367fad8f9d8314e9b271c5e11887561383512ad','2022-08-18 14:35:23.788323',132),('b3c18a8eb8cf5d2ba2301bb02124c02dbb0f2284','2022-08-06 15:18:52.743958',65),('b4acb4bf2ac5e988fbae8db0fbc42bbe6c30feec','2022-09-28 15:05:02.759081',282),('b4b41f875e2181a20efe4d3f221db2e637c559d5','2022-09-24 17:24:45.597808',191),('b60797a2aa89087b88e718dddd89768817136d99','2022-08-06 14:16:58.795365',46),('b665839b3fade42b95ea95b0044831f6a51ee3ed','2022-08-11 13:50:26.715989',89),('b74d8ae29347295933b8eac7eb7eb79b130dd340','2022-09-25 15:13:36.423251',268),('b79c9b1eede77589f5265d00f67a9d7fbe29d2f9','2022-09-25 10:50:49.954488',240),('b89a0ac034f175f3db89876de585edff10e36bb7','2022-09-28 15:45:06.521294',289),('ba4519fdb193afa41ba5ced75b7bd2397ed9a49d','2022-08-18 10:37:00.993049',119),('ba9904b99f45a4eb9146d4d15e797b99a403ebc2','2022-09-25 16:16:24.975705',276),('bac01b2969cd2ba5d99bdc6c11f230b9ab315475','2022-09-28 16:40:14.984155',298),('bb03d7e01d78ff45256b3da7b1e7d596da6b88ae','2022-08-18 10:40:30.146323',120),('bc566b4e4bd859cb5d4042ffa06e0f5d41442879','2022-09-02 11:21:44.730272',177),('bd301ecd7673925fac437fe41e100103aa278806','2022-09-02 10:59:32.213567',172),('bda2da8a040709e0bc681bbc2cf3377c1dbd0837','2022-08-06 13:32:01.994131',30),('c16a830833d227e4ede672c578a0787b32294c9e','2022-09-02 11:08:54.911441',174),('c207d71b3553a6e4b3c7d65919b31469c2f67a51','2022-08-01 17:55:36.266967',10),('c313397f4657603706a84cc9c809264066083b48','2022-08-17 18:42:00.040622',115),('c3958ad2b95d6bc6f17f8ceea4fce2ade6d3f160','2022-09-29 11:44:40.472439',310),('c3ad3e5deb9adc9dca347671066679702c244ada','2022-08-06 13:32:50.762702',31),('c458084f0a0b527a97dc1e110bf3b96676aa92c8','2022-09-29 16:47:08.878964',312),('c5bc9f4d352c9ebcdfb0c70b8fc1f46270d55f24','2022-08-18 09:53:46.145701',116),('c5ccefce63ba35c5cd20d8371c1c99e5314689e5','2022-07-25 18:29:13.434917',3),('c76c78f01c64683e76fe85f75e7cd0a86618b76d','2022-08-06 14:37:33.005362',57),('c7967cef43e83abd9606da8c3d7c1fb31fff0af5','2022-09-24 18:49:02.514088',204),('c83c640f67570b35d6c3081012084fce31378e36','2022-08-06 14:07:12.555933',40),('cb7c8b4d4ba1a4c0da139bac8065504598edee7c','2022-09-25 14:14:57.021734',258),('cc3b9417cd75f442f108e46d2cdad4424a86e23a','2022-08-06 14:53:50.564865',60),('cc812ec7af69116494fd8c5c0c087b690abaaf9e','2022-09-25 10:24:46.834000',232),('ccc9b012335aaec95abc8d46c03ddfaa61246f54','2022-09-25 10:42:15.856658',237),('cd4218912197e7b7b81c769e661b3331fc5c32b5','2022-08-28 11:26:40.728476',169),('ce32796c4824d11eefac6c9e5a8933d2c751166a','2022-08-17 18:32:36.694478',112),('cf592484a725095e03966053c145e8e1a1e992a3','2022-08-04 17:31:20.652104',16),('cfc78c03d0f53dbcf5db83341fe0ba832fba92ae','2022-08-17 16:30:41.195940',106),('cfd47448c0db479ccfe5734b28483a60e19bec19','2022-08-21 12:36:32.573201',141),('d07d5ed0ac9106dedbea7db7115e296f2e6cff72','2022-09-28 15:11:36.149380',284),('d1006be27c555ab0d0cb82cb2a5413b4685b3877','2022-08-18 14:46:37.936794',135),('d1540af792018fde784c446bbee73c3b918b605b','2022-09-28 15:30:15.085673',285),('d2194e07118ad28ce1c1b23f876d866208a21a8c','2022-08-28 10:22:40.938397',163),('d26a5adb736927eb69170821517cda8eb0f25428','2022-09-28 14:50:07.317028',281),('d4e150431427ea33ace487818f508cc5dd1dce6c','2022-08-28 10:25:38.550773',164),('d5e9faf3bf41dec0e81a622b2d3a31d4a06b0c30','2022-08-06 13:15:10.060991',23),('d62871b9c316d6b73c9e3a7aa571ed2bb8faf9ee','2022-09-28 16:57:08.936317',301),('d65d499fd6b91f4f09ee28957de5917cf25b5b5e','2022-08-06 13:22:36.894775',25),('d77a63dc7dd70aeb2181953671ea985e427803b4','2022-09-02 11:45:10.961271',182),('d86dac6f9bc45d8fa605f61ef6e2e38a36dce10b','2022-07-26 17:53:07.038471',6),('d91fb9460721b917484900fc0a5af3bdcaa9bba1','2022-08-10 18:18:22.599695',83),('d942f9c717df77e38041cd620c12ded166623077','2022-08-17 18:14:00.947531',107),('d96d83545082359d67ce3ba184879263f3336c57','2022-09-24 19:03:21.180299',208),('da1c89f90b2a1d799a307a6cf8cc27600689f6d6','2022-09-29 11:47:47.848118',311),('dc8eb660a263f11a20beae2aa53b6ddf0658e845','2022-08-18 14:12:28.255777',129),('dce3097377caac1c7866056ebd79c910d52249c5','2022-09-24 19:41:52.325015',218),('ddc94a250347e35a07acb635f070c926f6f18515','2022-08-18 11:06:30.822121',126),('de7bc9c580d9d19eab86661f41bdf769d402a804','2022-08-18 14:32:38.835527',131),('df864d1490d0f5e4fc5965fa7534244dc0bf7d60','2022-08-10 17:59:26.116561',82),('e12dd5d9acaec495a667d59d2e61f0c754c1f3ff','2022-08-06 14:29:35.653451',52),('e169f1ecae6d4e8f99babdd68c650bf6ee3bdfc8','2022-09-30 17:09:29.827017',322),('e2fb28fac0f996191ab048b750e8b6527af95282','2022-09-25 13:52:06.346756',249),('e3431b782de57dd3b2bb4fb86facd7e0e2db6015','2022-08-11 20:07:34.837186',102),('e3a315bea01c8bf63ca5db16e56d579da2cfebbc','2022-09-25 14:04:40.844924',255),('e3f34b46af2f09619b89a06a556559260fe20991','2022-08-06 15:31:14.699466',70),('e41e1818c8639ec6c39c8c1348dfa2eb192cf4c7','2022-07-28 18:48:22.949539',8),('e573e622855802a928d3f83899647a68fb7a99db','2022-09-25 14:28:42.789408',261),('e648f29060fd4a67d93be509748b0ef498add481','2022-09-24 19:35:39.725194',217),('e66e1fc695d9c07224925088b1363e99f18287c1','2022-09-25 13:56:58.053883',251),('e6a6ab7c1e7a586afe9ebabd6781b1c6ae01205c','2022-09-24 19:28:14.393127',214),('e713473c06ca4b2b2661514a4bfa091394916434','2022-08-11 18:44:33.067643',97),('e7a805636167b49828f1cc253ddb76f3f6ca1c9c','2022-08-06 13:39:50.935637',33),('e7c7b77d943c49e928191ca734ea91806589bab5','2022-08-28 11:23:56.160920',168),('e8288099c9c9150b7ea398818e297cea9a663c81','2022-09-02 11:42:32.888521',181),('e8e7003bc1800213ed8d02f9961d13a14d98393d','2022-08-06 13:06:54.099795',20),('e9125c401bacde2a6892dceacc6da8768ff82ea4','2022-08-06 13:26:45.244177',27),('e9859b1055576887afd14055c1f6f0c7290555b9','2022-08-06 13:19:39.890130',24),('e9b3f3603efcb2fdce2d93729cf5090cfcc0e586','2022-09-15 13:22:36.250622',186),('eafef0e6f9b14974c99593f3f29be17f07c51750','2022-08-06 14:01:35.749712',39),('eb01d187eaa39d75cf0c1965539d5d16e64be648','2022-09-25 15:02:51.075502',266),('ec4b56589ee2ccffb72bbe7911ed055ca11a16e8','2022-09-28 16:11:56.128496',292),('ec896373cbdf029da8cf1398304fca9351218125','2022-08-06 13:29:21.915357',28),('ed77f09091157a83a4f0eddb70a16a8ef8814bbc','2022-09-25 15:17:57.812406',269),('eda4891a78790b683f6570370534d827ce6223c3','2022-08-18 11:10:25.600884',127),('ee2a52f8b36d876e3fc2e69d4f4ed59496e9d5aa','2022-09-25 14:32:30.550450',262),('ef787ce62d20bbbb4ff547a4abd03e99bf6120dd','2022-09-02 11:47:33.567497',183),('f17027b1ed9f778d03adac09943800c2606069e6','2022-08-06 12:59:42.023432',18),('f34a93e18c2d82ea8aa655a9384762b9bfb21637','2022-08-06 14:15:01.134377',45),('f4052fb9e1df796ef46f09aca254ea8626387831','2022-09-25 09:20:22.713570',222),('f5930c17ede05b56ce4077ed44f1377489e9dde3','2022-08-22 10:47:34.055269',152),('f699b94a62b167e88029386fe11e36532a1cb2b6','2022-08-22 10:57:29.185701',155),('f7010e579c53df69c93bf5e026f3f861df2b48c2','2022-08-04 15:27:14.561586',15),('f7833e921835c9261f597865dea94ece4f14a5f2','2022-09-28 16:32:19.372221',296),('f8ad00295a1b15eecf0a9a3a4b04698fb35731ed','2022-09-30 16:48:56.773013',321),('f8e520dc6a639dd895382e4f1f386c4e775cdc8b','2022-09-28 15:34:38.151213',286),('f95f9d2d26d299b9028921aef14aef8f8d0778d2','2022-08-06 14:20:47.977960',48),('f99f94494b375014043b0ee9f28963c1be56fe4c','2022-09-28 16:52:10.214807',300),('ff48e18dcb94ae0cdb2f798239e83c668a8c1705','2022-08-18 11:02:46.110574',125);
/*!40000 ALTER TABLE `authtoken_token` ENABLE KEYS */;
UNLOCK TABLES;

--
-- Table structure for table `django_admin_log`
--

DROP TABLE IF EXISTS `django_admin_log`;
/*!40101 SET @saved_cs_client     = @@character_set_client */;
/*!50503 SET character_set_client = utf8mb4 */;
CREATE TABLE `django_admin_log` (
  `id` int NOT NULL AUTO_INCREMENT,
  `action_time` datetime(6) NOT NULL,
  `object_id` longtext,
  `object_repr` varchar(200) NOT NULL,
  `action_flag` smallint unsigned NOT NULL,
  `change_message` longtext NOT NULL,
  `content_type_id` int DEFAULT NULL,
  `user_id` bigint NOT NULL,
  PRIMARY KEY (`id`),
  KEY `django_admin_log_content_type_id_c4bce8eb_fk_django_co` (`content_type_id`),
  KEY `django_admin_log_user_id_c564eba6_fk_account_account_id` (`user_id`),
  CONSTRAINT `django_admin_log_content_type_id_c4bce8eb_fk_django_co` FOREIGN KEY (`content_type_id`) REFERENCES `django_content_type` (`id`),
  CONSTRAINT `django_admin_log_user_id_c564eba6_fk_account_account_id` FOREIGN KEY (`user_id`) REFERENCES `account_account` (`id`),
  CONSTRAINT `django_admin_log_chk_1` CHECK ((`action_flag` >= 0))
) ENGINE=InnoDB AUTO_INCREMENT=50 DEFAULT CHARSET=utf8mb3;
/*!40101 SET character_set_client = @saved_cs_client */;

--
-- Dumping data for table `django_admin_log`
--

LOCK TABLES `django_admin_log` WRITE;
/*!40000 ALTER TABLE `django_admin_log` DISABLE KEYS */;
INSERT INTO `django_admin_log` VALUES (1,'2022-07-25 18:04:11.790659','2','Tusher\'s Care',1,'[{\"added\": {}}]',8,1),(2,'2022-07-25 18:12:26.884556','2','abc01711223344',2,'[{\"changed\": {\"fields\": [\"Email\", \"Mobile\", \"Username\", \"Profile picture\"]}}]',8,1),(3,'2022-07-25 18:13:00.426739','1','Organization object (1)',1,'[{\"added\": {}}]',10,1),(4,'2022-07-25 18:19:42.303767','2','abc01711223344',2,'[{\"changed\": {\"fields\": [\"Is admin\"]}}]',8,1),(5,'2022-07-29 11:23:59.595169','2','abc01711223344',2,'[{\"changed\": {\"fields\": [\"Profile picture\"]}}]',8,1),(6,'2022-07-31 11:18:58.024204','9','Tusher\'s Care',1,'[{\"added\": {}}]',8,1),(7,'2022-07-31 11:19:24.037905','9','Tusher\'s Care01777104777',2,'[{\"changed\": {\"fields\": [\"Email\", \"Mobile\", \"Is admin\"]}}]',8,1),(8,'2022-07-31 11:21:04.625812','2','Organization object (2)',1,'[{\"added\": {}}]',10,1),(9,'2022-07-31 11:22:14.628188','2','Organization object (2)',2,'[{\"changed\": {\"fields\": [\"Address\"]}}]',10,1),(10,'2022-07-31 11:22:35.890859','9','Rakibul Islam Tusher01777104777',2,'[{\"changed\": {\"fields\": [\"Username\"]}}]',8,1),(11,'2022-08-02 18:19:04.823094','3','Student object (3)',3,'',12,1),(12,'2022-08-02 18:19:23.198855','11','Sian+441867417227',3,'',8,1),(13,'2022-08-04 18:00:01.472382','3','Teacher object (3)',2,'[{\"changed\": {\"fields\": [\"Balance\"]}}]',11,1),(14,'2022-08-04 18:17:44.681255','3','Teacher object (3)',2,'[{\"changed\": {\"fields\": [\"Balance\"]}}]',11,1),(15,'2022-08-04 18:27:18.401978','3','Teacher object (3)',2,'[{\"changed\": {\"fields\": [\"Balance\"]}}]',11,1),(16,'2022-09-13 15:53:55.457856','8','Batch object (8)',3,'',9,1),(17,'2022-09-18 17:44:24.430749','4','Course object (4)',3,'',14,1),(18,'2022-09-18 17:46:10.731535','6','6',3,'',15,1),(19,'2022-09-18 19:50:10.697445','187','Test43534534534543',3,'',8,1),(20,'2022-09-23 23:56:40.668312','5','Course object (5)',3,'',14,1),(21,'2022-09-24 00:24:43.476211','188','Alifa Akter Subar7667676567',2,'[{\"changed\": {\"fields\": [\"Email\"]}}]',8,1),(22,'2022-09-24 00:27:17.176226','178','Student object (178)',2,'[{\"changed\": {\"fields\": [\"Hsc group\", \"Ssc group\"]}}]',12,1),(23,'2022-09-24 00:32:00.243762','188','Alifa Akter Subar7667676567',3,'',8,1),(24,'2022-09-24 00:32:22.745684','189','Test Name5435453445',3,'',8,1),(25,'2022-09-24 00:38:20.269577','7','Course object (7)',3,'',14,1),(26,'2022-09-24 00:38:24.869705','8','Course object (8)',3,'',14,1),(27,'2022-09-24 00:43:27.130187','190','Test 123345345345',3,'',8,1),(28,'2022-09-24 00:44:36.370895','9','9',3,'',15,1),(29,'2022-09-24 00:44:36.373532','8','8',3,'',15,1),(30,'2022-09-24 00:44:46.900256','7','7',3,'',15,1),(31,'2022-09-24 00:51:00.711007','13','13',3,'',15,1),(32,'2022-09-24 00:51:00.714249','12','12',3,'',15,1),(33,'2022-09-24 00:54:10.451935','17','17',3,'',15,1),(34,'2022-09-24 00:54:10.455990','16','16',3,'',15,1),(35,'2022-09-24 00:54:10.458827','15','15',3,'',15,1),(36,'2022-09-24 00:54:10.461105','14','14',3,'',15,1),(37,'2022-09-24 00:54:10.462940','11','11',3,'',15,1),(38,'2022-09-24 01:28:09.531450','1','Result object (1)',3,'',16,1),(39,'2022-09-24 01:31:11.548479','3','Result object (3)',3,'',16,1),(40,'2022-09-24 01:31:11.551901','2','Result object (2)',3,'',16,1),(41,'2022-09-24 01:32:54.610862','4','Result object (4)',3,'',16,1),(42,'2022-09-24 01:33:28.823315','5','Result object (5)',3,'',16,1),(43,'2022-09-25 21:08:56.499317','277','Test01734234897',3,'',8,1),(44,'2022-09-27 23:26:17.346981','7','Batch object (7)',2,'[{\"changed\": {\"fields\": [\"Image\"]}}]',9,1),(45,'2022-09-27 23:31:56.813542','7','Batch object (7)',2,'[{\"changed\": {\"fields\": [\"Image\"]}}]',9,1),(46,'2022-09-29 10:33:03.987060','20','20',3,'',15,1),(47,'2022-09-29 10:35:04.126868','19','19',3,'',15,1),(48,'2022-09-29 10:35:10.524422','18','18',3,'',15,1),(49,'2022-09-29 10:35:17.562716','10','10',3,'',15,1);
/*!40000 ALTER TABLE `django_admin_log` ENABLE KEYS */;
UNLOCK TABLES;

--
-- Table structure for table `django_content_type`
--

DROP TABLE IF EXISTS `django_content_type`;
/*!40101 SET @saved_cs_client     = @@character_set_client */;
/*!50503 SET character_set_client = utf8mb4 */;
CREATE TABLE `django_content_type` (
  `id` int NOT NULL AUTO_INCREMENT,
  `app_label` varchar(100) NOT NULL,
  `model` varchar(100) NOT NULL,
  PRIMARY KEY (`id`),
  UNIQUE KEY `django_content_type_app_label_model_76bd3d3b_uniq` (`app_label`,`model`)
) ENGINE=InnoDB AUTO_INCREMENT=20 DEFAULT CHARSET=utf8mb3;
/*!40101 SET character_set_client = @saved_cs_client */;

--
-- Dumping data for table `django_content_type`
--

LOCK TABLES `django_content_type` WRITE;
/*!40000 ALTER TABLE `django_content_type` DISABLE KEYS */;
INSERT INTO `django_content_type` VALUES (14,'academic','course'),(15,'academic','exam'),(16,'academic','result'),(8,'account','account'),(9,'account','batch'),(10,'account','organization'),(13,'account','staff'),(12,'account','student'),(11,'account','teacher'),(1,'admin','logentry'),(3,'auth','group'),(2,'auth','permission'),(6,'authtoken','token'),(7,'authtoken','tokenproxy'),(4,'contenttypes','contenttype'),(19,'notification','notification'),(18,'payment','payment'),(17,'payment','payments'),(5,'sessions','session');
/*!40000 ALTER TABLE `django_content_type` ENABLE KEYS */;
UNLOCK TABLES;

--
-- Table structure for table `django_migrations`
--

DROP TABLE IF EXISTS `django_migrations`;
/*!40101 SET @saved_cs_client     = @@character_set_client */;
/*!50503 SET character_set_client = utf8mb4 */;
CREATE TABLE `django_migrations` (
  `id` bigint NOT NULL AUTO_INCREMENT,
  `app` varchar(255) NOT NULL,
  `name` varchar(255) NOT NULL,
  `applied` datetime(6) NOT NULL,
  PRIMARY KEY (`id`)
) ENGINE=InnoDB AUTO_INCREMENT=31 DEFAULT CHARSET=utf8mb3;
/*!40101 SET character_set_client = @saved_cs_client */;

--
-- Dumping data for table `django_migrations`
--

LOCK TABLES `django_migrations` WRITE;
/*!40000 ALTER TABLE `django_migrations` DISABLE KEYS */;
INSERT INTO `django_migrations` VALUES (1,'account','0001_initial','2022-07-25 14:33:04.910090'),(2,'account','0002_auto_20220721_2235','2022-07-25 14:33:04.997239'),(3,'account','0003_alter_batch_title','2022-07-25 14:33:05.055625'),(4,'account','0004_auto_20220722_0148','2022-07-25 14:33:05.129966'),(5,'account','0005_auto_20220722_1112','2022-07-25 14:33:05.219282'),(6,'academic','0001_initial','2022-07-25 14:33:05.592790'),(7,'academic','0002_auto_20220722_2243','2022-07-25 14:33:05.784105'),(8,'contenttypes','0001_initial','2022-07-25 14:33:05.818033'),(9,'admin','0001_initial','2022-07-25 14:33:05.919259'),(10,'admin','0002_logentry_remove_auto_add','2022-07-25 14:33:05.936292'),(11,'admin','0003_logentry_add_action_flag_choices','2022-07-25 14:33:05.955463'),(12,'contenttypes','0002_remove_content_type_name','2022-07-25 14:33:06.015743'),(13,'auth','0001_initial','2022-07-25 14:33:06.219609'),(14,'auth','0002_alter_permission_name_max_length','2022-07-25 14:33:06.273311'),(15,'auth','0003_alter_user_email_max_length','2022-07-25 14:33:06.282637'),(16,'auth','0004_alter_user_username_opts','2022-07-25 14:33:06.294886'),(17,'auth','0005_alter_user_last_login_null','2022-07-25 14:33:06.304086'),(18,'auth','0006_require_contenttypes_0002','2022-07-25 14:33:06.308013'),(19,'auth','0007_alter_validators_add_error_messages','2022-07-25 14:33:06.317324'),(20,'auth','0008_alter_user_username_max_length','2022-07-25 14:33:06.326599'),(21,'auth','0009_alter_user_last_name_max_length','2022-07-25 14:33:06.336620'),(22,'auth','0010_alter_group_name_max_length','2022-07-25 14:33:06.378439'),(23,'auth','0011_update_proxy_permissions','2022-07-25 14:33:06.398089'),(24,'auth','0012_alter_user_first_name_max_length','2022-07-25 14:33:06.406842'),(25,'authtoken','0001_initial','2022-07-25 14:33:06.458379'),(26,'authtoken','0002_auto_20160226_1747','2022-07-25 14:33:06.497578'),(27,'authtoken','0003_tokenproxy','2022-07-25 14:33:06.502763'),(28,'notification','0001_initial','2022-07-25 14:33:06.632540'),(29,'payment','0001_initial','2022-07-25 14:33:06.810629'),(30,'sessions','0001_initial','2022-07-25 14:33:06.834887');
/*!40000 ALTER TABLE `django_migrations` ENABLE KEYS */;
UNLOCK TABLES;

--
-- Table structure for table `django_session`
--

DROP TABLE IF EXISTS `django_session`;
/*!40101 SET @saved_cs_client     = @@character_set_client */;
/*!50503 SET character_set_client = utf8mb4 */;
CREATE TABLE `django_session` (
  `session_key` varchar(40) NOT NULL,
  `session_data` longtext NOT NULL,
  `expire_date` datetime(6) NOT NULL,
  PRIMARY KEY (`session_key`),
  KEY `django_session_expire_date_a5c62663` (`expire_date`)
) ENGINE=InnoDB DEFAULT CHARSET=utf8mb3;
/*!40101 SET character_set_client = @saved_cs_client */;

--
-- Dumping data for table `django_session`
--

LOCK TABLES `django_session` WRITE;
/*!40000 ALTER TABLE `django_session` DISABLE KEYS */;
INSERT INTO `django_session` VALUES ('c1clln6pfpmensmnbrwh7fcb1ox1ctsf','.eJxVjE0OwiAYBe_C2hBAKNWle89Avj-kaiAp7cp4d23ShW7fzLyXSrAuJa1d5jSxOiurDr8bAj2kboDvUG9NU6vLPKHeFL3Trq-N5XnZ3b-DAr18a085jFnQeJ-tHU4kJgqysIueQmRGxJDd0bIxhGLCSGGIApZjABSn3h8NTDkS:1obmuI:2gdkATwQVqITxOOah1T-HDubEp-QXotMCUoBaiflhIk','2022-10-07 23:56:10.913864'),('eg30v7261di3nj78wdysf3ja8hdwzhcp','.eJxVjE0OwiAYBe_C2hBAKNWle89Avj-kaiAp7cp4d23ShW7fzLyXSrAuJa1d5jSxOiurDr8bAj2kboDvUG9NU6vLPKHeFL3Trq-N5XnZ3b-DAr18a085jFnQeJ-tHU4kJgqysIueQmRGxJDd0bIxhGLCSGGIApZjABSn3h8NTDkS:1oHISb:9EEh6uM8QktwtauCA5KO93gpPYTdT-O9ubzee8FF5A4','2022-08-12 11:22:53.172565'),('rvx2cblvcx6o64w3e6ik9uqpgl1zm162','.eJxVjE0OwiAYBe_C2hBAKNWle89Avj-kaiAp7cp4d23ShW7fzLyXSrAuJa1d5jSxOiurDr8bAj2kboDvUG9NU6vLPKHeFL3Trq-N5XnZ3b-DAr18a085jFnQeJ-tHU4kJgqysIueQmRGxJDd0bIxhGLCSGGIApZjABSn3h8NTDkS:1oV5d7:fmL9-3KI70iy84kBLBanwiHL7AmzTaN2cD4Wb8tNRi4','2022-09-19 12:30:45.126536'),('vzdiru7jzbr7yrk7q2vlvuz6uw4wttjw','.eJxVjE0OwiAYBe_C2hBAKNWle89Avj-kaiAp7cp4d23ShW7fzLyXSrAuJa1d5jSxOiurDr8bAj2kboDvUG9NU6vLPKHeFL3Trq-N5XnZ3b-DAr18a085jFnQeJ-tHU4kJgqysIueQmRGxJDd0bIxhGLCSGGIApZjABSn3h8NTDkS:1oFwnT:I4APJCx_cp42EA5pQbAsSQdsqtJrfrX-J5cUKm3BzUU','2022-08-08 18:02:51.538039');
/*!40000 ALTER TABLE `django_session` ENABLE KEYS */;
UNLOCK TABLES;

--
-- Table structure for table `notification_notification`
--

DROP TABLE IF EXISTS `notification_notification`;
/*!40101 SET @saved_cs_client     = @@character_set_client */;
/*!50503 SET character_set_client = utf8mb4 */;
CREATE TABLE `notification_notification` (
  `id` bigint NOT NULL AUTO_INCREMENT,
  `title` varchar(100) NOT NULL,
  `description` longtext NOT NULL,
  `image` varchar(100) DEFAULT NULL,
  `created_at` datetime(6) NOT NULL,
  `updated_at` datetime(6) NOT NULL,
  `organization_id` bigint NOT NULL,
  PRIMARY KEY (`id`),
  KEY `notification_notific_organization_id_a1b3c613_fk_account_o` (`organization_id`),
  CONSTRAINT `notification_notific_organization_id_a1b3c613_fk_account_o` FOREIGN KEY (`organization_id`) REFERENCES `account_organization` (`id`)
) ENGINE=InnoDB AUTO_INCREMENT=3 DEFAULT CHARSET=utf8mb3;
/*!40101 SET character_set_client = @saved_cs_client */;

--
-- Dumping data for table `notification_notification`
--

LOCK TABLES `notification_notification` WRITE;
/*!40000 ALTER TABLE `notification_notification` DISABLE KEYS */;
INSERT INTO `notification_notification` VALUES (1,'Only For Advance 1st Year','Class Schedule : , ,       .   ','','2022-08-04 15:29:25.032171','2022-09-29 12:45:05.299357',2),(2,'!Alart!','                     ','','2022-08-06 16:27:54.921940','2022-08-06 16:27:54.921985',2);
/*!40000 ALTER TABLE `notification_notification` ENABLE KEYS */;
UNLOCK TABLES;

--
-- Table structure for table `notification_notification_reads`
--

DROP TABLE IF EXISTS `notification_notification_reads`;
/*!40101 SET @saved_cs_client     = @@character_set_client */;
/*!50503 SET character_set_client = utf8mb4 */;
CREATE TABLE `notification_notification_reads` (
  `id` bigint NOT NULL AUTO_INCREMENT,
  `notification_id` bigint NOT NULL,
  `account_id` bigint NOT NULL,
  PRIMARY KEY (`id`),
  UNIQUE KEY `notification_notificatio_notification_id_account__6dd972d7_uniq` (`notification_id`,`account_id`),
  KEY `notification_notific_account_id_51f94a92_fk_account_a` (`account_id`),
  CONSTRAINT `notification_notific_account_id_51f94a92_fk_account_a` FOREIGN KEY (`account_id`) REFERENCES `account_account` (`id`),
  CONSTRAINT `notification_notific_notification_id_b87836aa_fk_notificat` FOREIGN KEY (`notification_id`) REFERENCES `notification_notification` (`id`)
) ENGINE=InnoDB AUTO_INCREMENT=2 DEFAULT CHARSET=utf8mb3;
/*!40101 SET character_set_client = @saved_cs_client */;

--
-- Dumping data for table `notification_notification_reads`
--

LOCK TABLES `notification_notification_reads` WRITE;
/*!40000 ALTER TABLE `notification_notification_reads` DISABLE KEYS */;
INSERT INTO `notification_notification_reads` VALUES (1,1,9);
/*!40000 ALTER TABLE `notification_notification_reads` ENABLE KEYS */;
UNLOCK TABLES;

--
-- Table structure for table `payment_payment`
--

DROP TABLE IF EXISTS `payment_payment`;
/*!40101 SET @saved_cs_client     = @@character_set_client */;
/*!50503 SET character_set_client = utf8mb4 */;
CREATE TABLE `payment_payment` (
  `id` bigint NOT NULL AUTO_INCREMENT,
  `note` longtext,
  `fee` decimal(10,2) NOT NULL,
  `fine` decimal(10,2) NOT NULL,
  `discount` decimal(10,2) NOT NULL,
  `created_at` datetime(6) NOT NULL,
  `updated_at` datetime(6) NOT NULL,
  `account_id` bigint DEFAULT NULL,
  `organization_id` bigint NOT NULL,
  PRIMARY KEY (`id`),
  KEY `payment_payment_account_id_c541dc32_fk_account_account_id` (`account_id`),
  KEY `payment_payment_organization_id_2a6ee6cc_fk_account_o` (`organization_id`),
  CONSTRAINT `payment_payment_account_id_c541dc32_fk_account_account_id` FOREIGN KEY (`account_id`) REFERENCES `account_account` (`id`),
  CONSTRAINT `payment_payment_organization_id_2a6ee6cc_fk_account_o` FOREIGN KEY (`organization_id`) REFERENCES `account_organization` (`id`)
) ENGINE=InnoDB DEFAULT CHARSET=utf8mb3;
/*!40101 SET character_set_client = @saved_cs_client */;

--
-- Dumping data for table `payment_payment`
--

LOCK TABLES `payment_payment` WRITE;
/*!40000 ALTER TABLE `payment_payment` DISABLE KEYS */;
/*!40000 ALTER TABLE `payment_payment` ENABLE KEYS */;
UNLOCK TABLES;

--
-- Table structure for table `payment_payments`
--

DROP TABLE IF EXISTS `payment_payments`;
/*!40101 SET @saved_cs_client     = @@character_set_client */;
/*!50503 SET character_set_client = utf8mb4 */;
CREATE TABLE `payment_payments` (
  `id` bigint NOT NULL AUTO_INCREMENT,
  `note` longtext,
  `type` varchar(100) NOT NULL,
  `fee` decimal(10,2) NOT NULL,
  `fine` decimal(10,2) NOT NULL,
  `discount` decimal(10,2) NOT NULL,
  `created_at` datetime(6) NOT NULL,
  `updated_at` datetime(6) NOT NULL,
  `account_id` bigint DEFAULT NULL,
  `organization_id` bigint NOT NULL,
  PRIMARY KEY (`id`),
  KEY `payment_payments_account_id_970aa922_fk_account_account_id` (`account_id`),
  KEY `payment_payments_organization_id_ddbb4751_fk_account_o` (`organization_id`),
  CONSTRAINT `payment_payments_account_id_970aa922_fk_account_account_id` FOREIGN KEY (`account_id`) REFERENCES `account_account` (`id`),
  CONSTRAINT `payment_payments_organization_id_ddbb4751_fk_account_o` FOREIGN KEY (`organization_id`) REFERENCES `account_organization` (`id`)
) ENGINE=InnoDB AUTO_INCREMENT=20 DEFAULT CHARSET=utf8mb3;
/*!40101 SET character_set_client = @saved_cs_client */;

--
-- Dumping data for table `payment_payments`
--

LOCK TABLES `payment_payments` WRITE;
/*!40000 ALTER TABLE `payment_payments` DISABLE KEYS */;
INSERT INTO `payment_payments` VALUES (1,'','Student Payment',3000.00,0.00,0.00,'2022-07-26 12:54:23.794203','2022-07-26 12:54:23.794267',3,1),(2,'','Student Payment',4000.00,0.00,0.00,'2022-07-26 13:02:54.934491','2022-07-26 13:02:54.934536',4,1),(3,'','Staff Payment',500.00,0.00,0.00,'2022-07-30 11:47:04.692338','2022-07-30 11:47:04.692380',6,1),(4,'','Student Payment',13000.00,0.00,0.00,'2022-08-02 18:45:14.543321','2022-08-02 18:45:14.543382',13,2),(5,'Somajkormo','Teacher Payment',1000.00,0.00,0.00,'2022-08-04 12:42:09.723890','2022-08-04 12:42:09.723934',14,2),(6,'','Student Payment',3000.00,0.00,0.00,'2022-08-04 15:30:00.745413','2022-08-04 15:30:00.745480',15,2),(7,'','Teacher Payment',1000.00,0.00,0.00,'2022-08-04 18:13:15.185246','2022-08-04 18:13:15.185291',7,1),(8,'','Teacher Payment',1000.00,0.00,0.00,'2022-08-04 18:13:36.565815','2022-08-04 18:13:36.565858',7,1),(9,'','Teacher Payment',1000.00,0.00,0.00,'2022-08-04 18:15:11.638501','2022-08-04 18:15:11.638542',7,1),(10,'','Teacher Payment',5000.00,0.00,0.00,'2022-08-04 18:22:28.689695','2022-08-04 18:22:28.689761',7,1),(11,'','Teacher Payment',1000.00,0.00,0.00,'2022-08-04 18:26:49.568645','2022-08-04 18:26:49.568698',5,1),(12,'1 Sept New Date','Student Payment',2000.00,0.00,0.00,'2022-08-07 14:20:56.828831','2022-08-07 14:20:56.828895',21,2),(13,'','Student Payment',2000.00,0.00,0.00,'2022-08-09 15:28:17.850877','2022-08-09 15:28:17.850939',76,2),(14,'','Student Payment',7000.00,0.00,1000.00,'2022-08-10 14:58:12.487277','2022-08-10 14:58:12.487324',78,2),(15,'','Student Payment',4000.00,0.00,0.00,'2022-08-13 11:58:04.973766','2022-08-13 11:58:04.973831',103,2),(16,'uh','Student Payment',500.00,50.00,50.00,'2022-08-15 09:12:45.423061','2022-08-15 09:12:45.423107',4,1),(17,'','Student Payment',2000.00,0.00,0.00,'2022-08-15 10:19:56.803510','2022-08-15 10:19:56.803566',105,2),(18,'','Student Payment',2000.00,0.00,0.00,'2022-09-04 11:04:17.016386','2022-09-04 11:04:17.016427',21,2),(19,'TUhin bro','Other',100000.00,0.00,0.00,'2022-09-24 13:02:13.856375','2022-09-24 13:02:13.856430',NULL,2);
/*!40000 ALTER TABLE `payment_payments` ENABLE KEYS */;
UNLOCK TABLES;
/*!40103 SET TIME_ZONE=@OLD_TIME_ZONE */;

/*!40101 SET SQL_MODE=@OLD_SQL_MODE */;
/*!40014 SET FOREIGN_KEY_CHECKS=@OLD_FOREIGN_KEY_CHECKS */;
/*!40014 SET UNIQUE_CHECKS=@OLD_UNIQUE_CHECKS */;
/*!40101 SET CHARACTER_SET_CLIENT=@OLD_CHARACTER_SET_CLIENT */;
/*!40101 SET CHARACTER_SET_RESULTS=@OLD_CHARACTER_SET_RESULTS */;
/*!40101 SET COLLATION_CONNECTION=@OLD_COLLATION_CONNECTION */;
/*!40111 SET SQL_NOTES=@OLD_SQL_NOTES */;

-- Dump completed on 2022-10-01  9:50:56
